Temperature,Pressure,VRI01,VRI02,VRI03,VRS01,VRS03,VRS21,VRS31,VRS11,VRS12,VRS04,VRS22,VRS02,VRS41,VRS32,VRS42,VRR12,VRR22,VRR23,VRR33,VRR43,VRR21,VRR47,VRR11,VRR34,VRR32,VRR41,VRR44,VRR42,VRR31,VRR24,VRR13,VRR17,VRR14,VRR27,Wiring Reversal,Offset Bias,Sensor Aging (Degradation),Thermal Drift,Radiation-Induced Degradation,High Noise Levels,Gas Leakage,Signal Drift
122.3672,16.20447,1.769289,0.003002,0.004996,0.033903,0.047543,0.231613,0.251447,0.230773,0.24362,0.075204,0.233839,0.079375,0.192264,0.187917,0.141385,0.192685,0.059461,0.051838,0.112668,-251.389,0.113598,-312.344,-249.826,21.1155,-0.01597,-254.003,-327.334,-234.665,-0.0018,0.050669,0.033561,0.185737,0.02339,-0.01933,0,0,0,0,0,0,0,0
123.7412,12.53043,1.771183,0.003001,0.004996,0.034007,0.047377,0.231259,0.251011,0.230719,0.243737,0.07506,0.232882,0.079448,0.192229,0.187971,0.141592,0.192208,0.058115,0.051236,0.112724,-240.615,0.112211,-319.066,-258.685,21.1155,-0.01594,-251.099,-338.136,-240.987,-0.00161,0.050119,0.033112,0.185175,0.022799,-0.02022,1,0,0,0,0,0,0,1
123.3299,10.28875,1.771916,0.003001,0.004995,0.034018,0.047326,0.231232,0.250846,0.230669,0.243779,0.075042,0.232653,0.079462,0.192223,0.188005,0.141577,0.192344,0.058035,0.051232,0.112651,-251.289,0.112096,-310.852,-247.339,21.1155,-0.01638,-256.404,-325.387,-233.529,-0.00057,0.050395,0.033287,0.185396,0.022731,-0.02025,0,0,1,0,0,0,0,1
123.2017,10.2538,1.772062,0.003001,0.004996,0.03402,0.047328,0.231216,0.250843,0.230684,0.243737,0.075046,0.232535,0.07949,0.192218,0.187975,0.141498,0.192087,0.058127,0.051215,0.112549,-230.589,0.11212,-330.816,-274.168,21.1155,-0.01682,-249.533,-358.856,-256.065,-0.0008,0.050272,0.032966,0.185279,0.022717,-0.02002,1,1,1,0,0,0,0,1
123.2022,12.11743,1.770298,0.003002,0.004996,0.033982,0.047425,0.231359,0.251023,0.230721,0.243653,0.075112,0.233098,0.090029,0.192187,0.187972,0.141423,0.192164,0.058379,0.051193,0.11278,-251.216,0.112739,-310.904,-247.215,21.1155,-0.01601,-255.618,-324.759,-233.696,-0.00042,0.050118,0.033286,0.185499,0.022877,-0.02003,0,0,0,0,0,0,0,1
122.9665,15.24106,1.77127,0.003001,0.004996,0.034014,0.047453,0.231337,0.251001,0.230747,0.243679,0.07508,0.232943,0.127,0.192223,0.18799,0.141517,0.191932,0.058216,0.051248,0.112671,-231.139,0.112336,-331.008,-275.442,21.1155,-0.01596,-250.088,-358.971,-255.986,-0.00098,0.050093,0.033359,0.18536,0.022762,-0.02028,1,1,0,0,0,0,0,0
121.2773,15.55021,1.771136,0.003001,0.004996,0.034011,0.047339,0.231201,0.250877,0.230701,0.243618,0.075024,0.232658,0.261141,0.1922,0.187936,0.141474,0.191773,0.057946,0.051063,0.112417,-250.225,0.112114,-311.139,-246.228,21.1155,-0.01617,-255.017,-324.119,-234.396,-0.00147,0.049966,0.033025,0.185119,0.022613,-0.02039,0,0,1,0,0,0,0,0
119.555,15.58955,1.77112,0.003001,0.004995,0.033999,0.047363,0.231288,0.250992,0.230744,0.243679,0.075039,0.232735,0.079443,0.192251,0.187959,0.141485,0.192074,0.058089,0.051282,0.112644,-230.809,0.112335,-331.4,-275.861,21.1155,-0.01614,-250.201,-358.862,-255.685,-0.00144,0.049948,0.033275,0.185258,0.022664,-0.0201,1,1,1,0,0,0,0,0
118.5685,15.61386,1.77088,0.003001,0.004995,0.033988,0.047363,0.231231,0.250902,0.230689,0.243615,0.075055,0.23272,0.098805,0.192202,0.187933,0.141427,0.19193,0.058325,0.051139,0.112601,-250.599,0.112267,-311.264,-246.504,21.1155,-0.01637,-254.801,-324.325,-234.615,-0.00108,0.050049,0.033206,0.185335,0.022734,-0.02004,0,0,1,0,0,0,0,0
118.262,15.6208,1.770248,0.003001,0.004996,0.033986,0.0474,0.231306,0.25104,0.230696,0.243629,0.075093,0.232933,0.307514,0.192246,0.187865,0.141383,0.191962,0.058312,0.051128,0.11268,-230.617,0.112595,-331.817,-275.509,21.1155,-0.016,-249.492,-359.221,-255.613,-0.00046,0.049894,0.033,0.185367,0.022784,-0.02002,1,1,1,0,0,0,0,0
118.1593,15.61847,1.770062,0.003001,0.004996,0.033976,0.047437,0.23141,0.251129,0.230763,0.243647,0.075099,0.233113,0.190509,0.192202,0.187924,0.141363,0.192124,0.058482,0.051058,0.112728,-251.161,0.112624,-311.142,-246.044,21.1155,-0.01571,-256.227,-324.415,-234.617,-0.00116,0.050048,0.033593,0.185623,0.023035,-0.02002,0,0,1,0,0,0,0,0
118.3374,16.18078,1.770414,0.003001,0.004996,0.033985,0.04741,0.231364,0.251054,0.230773,0.243652,0.075105,0.233044,0.103844,0.192282,0.187925,0.14139,0.192318,0.058363,0.051094,0.112582,-229.458,0.112547,-331.083,-276.288,21.1155,-0.01591,-248.291,-360.745,-255.587,-0.00053,0.049931,0.033423,0.185672,0.0228,-0.02008,1,1,1,0,0,0,0,0
118.5246,16.16919,1.770721,0.003001,0.004995,0.033993,0.047363,0.231276,0.250885,0.230705,0.243608,0.075049,0.232754,0.079423,0.192239,0.187899,0.141391,0.192085,0.058243,0.05121,0.112659,-252.295,0.112237,-311.413,-245.141,21.1155,-0.01589,-257.08,-322.152,-234.729,-0.0018,0.050077,0.03321,0.185481,0.022619,-0.02013,0,0,1,0,0,0,0,0
118.3166,16.16593,1.770351,0.003001,0.004995,0.033975,0.047383,0.231222,0.250945,0.230753,0.243629,0.075066,0.232863,0.079416,0.192195,0.187917,0.141405,0.192069,0.058447,0.050887,0.112524,-229.063,0.112387,-330.9,-277.489,21.1155,-0.01621,-248.179,-362.239,-255.703,-0.00106,0.04997,0.033002,0.185579,0.022796,-0.02012,1,1,1,0,0,0,0,0
118.0929,16.1689,1.770133,0.003001,0.004996,0.033989,0.047392,0.231273,0.25095,0.230719,0.243637,0.075072,0.232865,0.079415,0.192226,0.187909,0.141418,0.192111,0.058587,0.050901,0.11259,-251.311,0.112641,-311.496,-244.471,21.1155,-0.01628,-256.915,-321.415,-234.634,-0.00023,0.049929,0.032728,0.185479,0.022826,-0.0199,0,0,1,0,0,0,0,0
117.7134,14.21646,1.769694,0.003001,0.004996,0.03396,0.047399,0.231302,0.251075,0.230735,0.243565,0.075078,0.233016,0.079402,0.192215,0.187864,0.141346,0.192254,0.058489,0.05087,0.112741,-230.268,0.112588,-332.194,-277.883,21.1155,-0.01582,-248.684,-362.03,-254.156,-0.00136,0.049935,0.032873,0.185546,0.022946,-0.0203,1,1,1,0,0,0,0,0
117.2135,6.61316,1.769747,0.003001,0.004995,0.033948,0.047396,0.231316,0.2511,0.230727,0.243537,0.075083,0.233128,0.07938,0.192201,0.187857,0.141353,0.192264,0.058436,0.050895,0.112717,-252.253,0.112501,-310.818,-243.596,21.1155,-0.01567,-256.679,-321.492,-235.296,-0.001,0.049767,0.033182,0.185641,0.023005,-0.02049,0,0,1,0,0,1,1,1
117.3005,3.096066,1.770453,0.003001,0.004995,0.03397,0.047353,0.231191,0.250938,0.230666,0.243597,0.075058,0.232861,0.079425,0.192186,0.187853,0.141449,0.192309,0.058357,0.051029,0.112731,-229.521,0.112446,-331.467,-278.682,21.1155,-0.01615,-249.135,-362.582,-254.278,-0.00142,0.049941,0.033222,0.1856,0.022856,-0.02038,1,1,1,0,1,1,1,1
117.2279,1.973084,1.771013,0.003001,0.004995,0.03398,0.047321,0.231141,0.250824,0.230662,0.243627,0.075017,0.232648,0.079431,0.192202,0.187891,0.141525,0.192103,0.058342,0.051062,0.112603,-252.049,0.112133,-310.02,-242.703,21.1155,-0.0165,-256.762,-320.864,-235.281,-0.00161,0.04984,0.032973,0.185473,0.022668,-0.02023,0,0,1,0,1,1,1,1
117.1827,1.537308,1.770826,0.003001,0.004995,0.033974,0.0473,0.231097,0.250747,0.230687,0.243601,0.075026,0.232617,0.079439,0.192162,0.187916,0.141485,0.192135,0.058583,0.051032,0.112464,-228.877,0.112225,-332.134,-279.5,21.1155,-0.01649,-248.626,-361.932,-253.793,-0.00068,0.050116,0.03281,0.185484,0.022553,-0.02016,1,1,1,0,1,1,1,1
117.1207,1.549705,1.770692,0.003001,0.004996,0.033951,0.047338,0.231186,0.250892,0.230688,0.243611,0.075037,0.232775,0.079423,0.192211,0.187925,0.141476,0.192332,0.058457,0.051132,0.11251,-252.759,0.112417,-311.272,-242.809,21.1155,-0.01635,-256.185,-321.398,-235.79,-0.00061,0.050112,0.032751,0.185536,0.022682,-0.0203,0,0,1,0,1,1,1,1
117.0686,1.75061,1.770758,0.003001,0.004995,0.033942,0.047327,0.23119,0.250863,0.230677,0.243593,0.075018,0.232735,0.079432,0.192172,0.187885,0.141494,0.192288,0.058444,0.051072,0.112353,-228.676,0.112304,-331.658,-278.869,21.1155,-0.01631,-249.57,-362.866,-254.178,-0.00117,0.050103,0.032913,0.185527,0.022662,-0.02016,1,1,1,0,1,1,1,1
117.0208,1.846269,1.771397,0.003001,0.004995,0.033963,0.047303,0.231157,0.250816,0.230682,0.243658,0.075019,0.232637,0.079469,0.192213,0.187909,0.141559,0.19229,0.058379,0.051074,0.112273,-251.438,0.112094,-311.807,-243.271,21.1155,-0.01619,-255.161,-321.314,-235.307,-0.00162,0.050104,0.032881,0.185443,0.02238,-0.02024,0,0,1,0,1,1,1,1
116.9374,1.818702,1.771742,0.003001,0.004995,0.033988,0.047285,0.231092,0.250717,0.230678,0.243634,0.074959,0.232424,0.079473,0.192205,0.187937,0.141535,0.19239,0.058039,0.051168,0.112285,-230.023,0.111983,-331.46,-277.986,21.1155,-0.01671,-250.164,-362.386,-254.795,-0.001,0.049967,0.032551,0.185296,0.02234,-0.02025,1,1,1,0,1,1,1,1
116.4684,1.886654,1.771528,0.003001,0.004995,0.033967,0.047289,0.231135,0.250794,0.230655,0.243652,0.074998,0.232456,0.079467,0.192222,0.187899,0.141551,0.192286,0.058264,0.051231,0.112304,-250.954,0.112037,-310.997,-247.433,21.1155,-0.01629,-253.204,-324.248,-235.214,-0.00155,0.050154,0.032518,0.185494,0.022442,-0.02017,0,0,1,0,1,1,1,1
117.2774,1.833668,1.771212,0.003001,0.004995,0.033973,0.04729,0.231143,0.250898,0.23064,0.243662,0.07498,0.232439,0.079458,0.192203,0.187912,0.141521,0.192385,0.058167,0.051037,0.112077,-237.856,0.112094,-324.1,-262.32,21.1155,-0.01618,-251.962,-343.91,-245.014,-0.00154,0.050116,0.032555,0.185566,0.022553,-0.02015,1,1,1,0,1,1,1,1
119.9255,1.704861,1.771158,0.003001,0.004995,0.033963,0.047313,0.231185,0.25081,0.230608,0.243641,0.074994,0.232489,0.079455,0.192202,0.187896,0.141516,0.192266,0.058138,0.050831,0.112558,-240.492,0.112011,-320.067,-258.322,21.1155,-0.01622,-253.218,-339.372,-245.221,-0.00171,0.049991,0.032588,0.185506,0.022493,-0.02026,1,1,1,0,1,1,1,1
124.1436,1.624351,1.771252,0.003001,0.004995,0.033991,0.047299,0.23113,0.250977,0.230635,0.243778,0.074978,0.232529,0.079491,0.192343,0.188075,0.141546,0.192324,0.058286,0.051137,0.112294,-230.967,0.112106,-331.756,-277.006,21.1155,-0.01631,-250.368,-361.064,-255.125,-0.00145,0.050112,0.032689,0.185602,0.022563,-0.02007,1,1,1,0,1,1,1,1
128.378,1.602999,1.770983,0.003001,0.004995,0.033959,0.047278,0.231143,0.25084,0.230541,0.243565,0.074979,0.232437,0.079445,0.192273,0.187786,0.141515,0.192334,0.058546,0.051243,0.112123,-251.406,0.112193,-312.048,-246.379,21.1155,-0.01607,-255.56,-323.169,-234.792,-0.00166,0.050399,0.032744,0.18564,0.022447,-0.02004,0,0,1,0,1,1,1,1
132.21,1.570325,1.771873,0.003001,0.004994,0.03399,0.047233,0.231085,0.251028,0.230606,0.243657,0.074947,0.232306,0.079475,0.192238,0.188021,0.141521,0.192217,0.058223,0.051398,0.112443,-229.861,0.111988,-330.417,-275.742,21.1155,-0.01632,-250.103,-360.538,-255.055,-0.00072,0.050556,0.032755,0.185526,0.022429,-0.02027,1,1,1,0,1,1,1,1
135.6371,1.593216,1.771688,0.003001,0.004995,0.033983,0.047217,0.231114,0.250626,0.230672,0.243658,0.074926,0.232266,0.079476,0.192255,0.18798,0.141497,0.192073,0.05823,0.051123,0.112268,-251.006,0.111959,-313.086,-246.388,21.1155,-0.01661,-255.251,-323.224,-234.163,-0.00051,0.050136,0.031937,0.185328,0.022502,-0.02022,0,0,1,0,1,1,1,1
139.3759,1.654371,1.771105,0.003001,0.004995,0.033989,0.047279,0.231109,0.250812,0.230578,0.243719,0.074982,0.232481,0.079435,0.192218,0.187904,0.141454,0.192009,0.058451,0.051105,0.112768,-230.005,0.112468,-329.775,-275.35,21.1155,-0.01593,-249.138,-360.946,-255.25,-0.00047,0.050111,0.032603,0.185528,0.022647,-0.0199,1,1,1,0,1,1,1,1
143.1807,1.542143,1.770749,0.003001,0.004995,0.033976,0.0473,0.231216,0.250624,0.230612,0.243712,0.075003,0.232542,0.079435,0.192137,0.187867,0.141461,0.191896,0.058431,0.051305,0.112431,-251.174,0.112317,-313.487,-246.594,21.1155,-0.016,-255.139,-323.408,-235.285,-0.00138,0.050255,0.032635,0.185225,0.022173,-0.02013,0,0,1,0,1,1,1,1
146.9738,1.559385,1.77183,0.003001,0.004995,0.03402,0.047313,0.231255,0.250807,0.230695,0.243781,0.074989,0.23264,0.07951,0.192322,0.188019,0.141634,0.192062,0.058381,0.051366,0.112614,-230.127,0.112226,-328.778,-276.666,21.1155,-0.01569,-250.27,-360.271,-255.108,-0.00086,0.050257,0.032746,0.185286,0.022479,-0.0198,1,1,1,0,1,1,1,1
150.6676,1.55951,1.772683,0.003001,0.004996,0.03403,0.047224,0.231125,0.250531,0.230493,0.243798,0.074935,0.232123,0.079509,0.192264,0.187961,0.141563,0.192074,0.058228,0.051838,0.11239,-251.106,0.11189,-312.701,-245.584,21.1155,-0.01688,-255.245,-323.013,-234.102,-0.00106,0.050651,0.032136,0.185278,0.022751,-0.02028,0,0,1,0,1,1,1,1
154.2528,1.594669,1.77225,0.003001,0.004995,0.034027,0.047229,0.23113,0.250844,0.230843,0.243506,0.074951,0.23225,0.079493,0.19227,0.187974,0.14157,0.191911,0.058101,0.05134,0.112649,-229.55,0.111927,-329.329,-276.23,21.1155,-0.01689,-249.992,-360.821,-256.321,-0.00097,0.050512,0.032237,0.18508,0.022834,-0.0201,1,1,1,0,1,1,1,1
157.8409,1.632537,1.771865,0.003001,0.004995,0.03405,0.047262,0.231103,0.250661,0.230704,0.243664,0.074963,0.232412,0.079502,0.192191,0.188071,0.141489,0.192048,0.058273,0.051384,0.112546,-251.871,0.112219,-313.173,-245.733,21.1155,-0.01658,-255.858,-322.428,-233.593,-0.00078,0.050341,0.032398,0.185298,0.022599,-0.02,0,0,1,0,1,1,1,1
161.518,1.657104,1.771875,0.003001,0.004996,0.03403,0.047276,0.2312,0.250737,0.230723,0.243734,0.074975,0.232486,0.079488,0.192324,0.187877,0.141572,0.192165,0.05876,0.051597,0.112496,-229.988,0.112552,-329.59,-275.848,21.1155,-0.01656,-249.184,-361.351,-255.698,-0.00063,0.050529,0.032715,0.185493,0.022704,-0.01954,1,1,1,0,1,1,1,1
165.0139,1.769265,1.772313,0.003001,0.004995,0.034036,0.047244,0.231008,0.250512,0.230651,0.243941,0.074964,0.232267,0.079503,0.192242,0.18805,0.141611,0.192194,0.058713,0.051711,0.11253,-250.705,0.112601,-313.21,-246.674,21.1155,-0.0166,-256.156,-322.168,-234.347,-0.00024,0.050728,0.032712,0.185603,0.022649,-0.01939,0,0,1,0,1,1,1,1
168.3411,1.98915,1.772961,0.003001,0.004995,0.034062,0.047175,0.230923,0.250637,0.230705,0.243735,0.074914,0.231901,0.079551,0.192301,0.187935,0.14167,0.192233,0.058321,0.052015,0.112105,-230.614,0.111828,-329.372,-275.203,21.1155,-0.01709,-248.798,-361.641,-256.101,-0.00125,0.051003,0.032366,0.18524,0.022603,-0.02031,1,1,1,0,1,1,1,1
171.5855,2.241833,1.773426,0.003,0.004994,0.034076,0.047091,0.230865,0.250248,0.230449,0.243803,0.074868,0.23162,0.079548,0.192306,0.188196,0.141725,0.192119,0.058763,0.051966,0.112149,-251.633,0.111845,-312.667,-246.561,21.1155,-0.01741,-256.742,-322.118,-233.913,-0.00151,0.051013,0.031695,0.185248,0.022396,-0.01961,0,0,1,0,1,1,1,1
174.2728,2.681715,1.773242,0.003001,0.004995,0.034082,0.047147,0.231101,0.25046,0.230439,0.243645,0.074909,0.231853,0.079514,0.192283,0.18799,0.141425,0.192407,0.05921,0.052022,0.11231,-229.226,0.11235,-330.917,-275.565,21.1155,-0.01711,-248.834,-361.747,-255.641,-0.00067,0.051156,0.03154,0.185343,0.022584,-0.01934,1,1,1,0,1,1,1,1
176.9699,2.817639,1.772602,0.003001,0.004995,0.034109,0.047205,0.231181,0.250567,0.230721,0.243806,0.074976,0.23223,0.079544,0.192182,0.187981,0.141317,0.192405,0.059123,0.05176,0.112176,-251.417,0.112439,-311.936,-246.156,21.1155,-0.0172,-256.904,-323.523,-234.057,-0.0015,0.050618,0.032247,0.185454,0.022374,-0.01944,0,0,1,0,1,1,1,1
182.0133,3.091909,1.772178,0.003001,0.004996,0.034071,0.047253,0.231265,0.250677,0.230765,0.243873,0.074991,0.232293,0.079535,0.192217,0.188026,0.141276,0.192389,0.059132,0.051598,0.11228,-229.996,0.11251,-330.984,-274.245,21.1155,-0.01688,-247.858,-359.279,-254.084,-0.00082,0.050623,0.03256,0.185334,0.022513,-0.01946,1,1,1,0,1,1,1,1
187.5046,3.392475,1.771845,0.003001,0.004995,0.034041,0.047298,0.231228,0.250705,0.230492,0.243717,0.075036,0.232714,0.079486,0.192134,0.187943,0.14129,0.192117,0.058435,0.05124,0.112211,-251.352,0.112276,-312.182,-247.994,21.1155,-0.01676,-257.949,-324.447,-236.801,-0.0014,0.050317,0.032483,0.185371,0.022302,-0.01982,0,0,1,0,1,1,1,1
192.7784,3.771254,1.771666,0.003001,0.004996,0.034044,0.0473,0.231323,0.250924,0.230655,0.243849,0.075047,0.232898,0.079492,0.192122,0.188,0.141283,0.191908,0.05807,0.050901,0.112222,-229.374,0.112008,-329.555,-274.256,21.1155,-0.01654,-247.262,-358.155,-253.36,-0.00081,0.049899,0.032316,0.185402,0.022382,-0.02015,1,1,1,0,1,1,1,1
197.7988,4.058798,1.771742,0.003001,0.004996,0.034045,0.047309,0.231323,0.250973,0.230651,0.24372,0.075038,0.232757,0.079499,0.192265,0.188063,0.141229,0.19202,0.058236,0.051191,0.112578,-252.384,0.112312,-312.829,-248.277,21.1155,-0.01641,-258.485,-326.315,-236.451,7.73E-05,0.049898,0.03257,0.185646,0.022468,-0.01999,0,0,1,0,0,1,1,1
202.5638,4.344894,1.771186,0.003001,0.004996,0.034001,0.047385,0.231355,0.251313,0.23074,0.243933,0.075081,0.232945,0.079493,0.192174,0.188,0.141222,0.192222,0.058251,0.051118,0.112321,-229.199,0.112391,-329.57,-273.701,21.1155,-0.01599,-247.248,-356.501,-252.597,-0.00086,0.050007,0.032866,0.185662,0.022643,-0.02012,1,1,1,0,0,1,1,1
207.0604,4.745317,1.771108,0.003001,0.004996,0.034,0.047362,0.23132,0.250954,0.230662,0.243789,0.075064,0.232732,0.079445,0.192355,0.187878,0.141182,0.192101,0.057958,0.050947,0.11234,-252.102,0.112123,-313.674,-247.571,21.1155,-0.01597,-257.483,-327.89,-238.131,-0.00087,0.050066,0.032975,0.185656,0.022601,-0.02021,0,0,1,0,0,1,1,1
211.2991,5.236603,1.770493,0.003001,0.004996,0.033989,0.04732,0.231447,0.250728,0.230556,0.243606,0.075025,0.232779,0.079456,0.192259,0.187849,0.141177,0.192147,0.058057,0.051212,0.112564,-228.63,0.112063,-327.724,-272.529,21.1155,-0.01613,-248.485,-355.346,-250.783,-0.00115,0.050258,0.033188,0.185692,0.022787,-0.02006,1,1,1,0,0,1,1,1
214.9415,5.536373,1.770409,0.003001,0.004996,0.034004,0.047318,0.231217,0.250932,0.23067,0.24375,0.075033,0.233163,0.07943,0.192321,0.187962,0.14116,0.191982,0.05816,0.051027,0.112451,-252.397,0.111917,-314.603,-249.745,21.1155,-0.01598,-257.459,-328.748,-239.335,-0.0014,0.050023,0.032611,0.185511,0.022775,-0.02009,0,0,1,0,0,1,1,1
218.5434,5.871678,1.769407,0.003001,0.004996,0.033949,0.047378,0.231267,0.251032,0.23067,0.243531,0.075063,0.233247,0.079456,0.192307,0.187804,0.141105,0.192164,0.058297,0.050935,0.112437,-229.229,0.112362,-327.82,-271.925,21.1155,-0.01584,-247.283,-354.611,-250.084,-0.00198,0.050016,0.033078,0.185769,0.022721,-0.02022,1,1,1,1,0,1,1,1
220.4303,6.133157,1.769306,0.003002,0.004996,0.033947,0.047394,0.231385,0.250837,0.230993,0.243572,0.075096,0.233026,0.07941,0.192138,0.187783,0.141102,0.192249,0.058231,0.051205,0.112656,-252.259,0.112342,-315.13,-251.114,21.1155,-0.01562,-258.514,-329.792,-240.318,-0.00054,0.050112,0.033223,0.185951,0.022961,-0.0204,0,0,1,1,0,1,1,1
219.5513,5.988225,1.769249,0.003001,0.004996,0.033962,0.047408,0.231358,0.251271,0.230553,0.243905,0.075088,0.233393,0.0794,0.192118,0.187678,0.141059,0.19239,0.058403,0.05124,0.112894,-229.64,0.112497,-327.102,-270.037,21.1155,-0.01512,-246.768,-353.48,-248.905,-0.00077,0.050181,0.033358,0.185981,0.022895,-0.02021,1,1,1,1,0,1,1,1
217.9118,5.872731,1.76992,0.003001,0.004996,0.03397,0.047416,0.231448,0.251117,0.230669,0.243612,0.075106,0.233181,0.079418,0.192354,0.18788,0.141126,0.192264,0.058309,0.051146,0.112637,-251.399,0.112274,-315.298,-252.212,21.1155,-0.0154,-258.504,-330.33,-241.033,-0.00104,0.049975,0.033051,0.185923,0.022994,-0.02034,0,0,1,0,0,1,1,1
212.7415,5.659905,1.770279,0.003002,0.004996,0.033988,0.047428,0.231381,0.251265,0.230661,0.24372,0.075127,0.233277,0.079439,0.192258,0.187857,0.141155,0.192018,0.058279,0.051115,0.112833,-229.743,0.112045,-327.762,-269.332,21.1155,-0.01565,-246.188,-352.386,-248.485,-0.00073,0.049946,0.032962,0.185748,0.022838,-0.02027,1,1,1,0,0,1,1,1
205.7489,4.918829,1.769059,0.003002,0.004996,0.033985,0.047494,0.231515,0.251203,0.230889,0.243663,0.075142,0.233547,0.0794,0.192077,0.187793,0.141058,0.19215,0.058201,0.050931,0.113129,-251.302,0.112382,-314.347,-252.933,21.1155,-0.01497,-258.664,-331.857,-242.124,-0.00097,0.049837,0.033195,0.185926,0.022989,-0.02039,0,0,1,0,0,1,1,1
208.9715,4.983605,1.768788,0.003003,0.004996,0.033966,0.047521,0.231627,0.251384,0.230853,0.243455,0.075176,0.233767,0.079604,0.192238,0.187685,0.141043,0.192192,0.058317,0.050904,0.113343,-230.427,0.112629,-327.364,-269.042,21.1155,-0.01464,-247.417,-351.268,-248.282,-0.00071,0.049598,0.033342,0.186054,0.023,-0.02022,1,1,1,0,0,1,1,1
213.1226,4.989933,1.768414,0.003002,0.004997,0.033958,0.047533,0.231476,0.25147,0.230907,0.243697,0.075197,0.233757,0.079396,0.19214,0.187677,0.141076,0.192126,0.058032,0.050633,0.113227,-250.822,0.112442,-315.425,-253.261,21.1155,-0.01441,-256.839,-332.492,-241.603,-0.00124,0.049563,0.033602,0.185815,0.022852,-0.02056,0,0,1,0,0,1,1,1
218.0941,5.085953,1.768987,0.003002,0.004997,0.033964,0.047619,0.231736,0.251476,0.230923,0.243748,0.075191,0.233603,0.079392,0.192303,0.187851,0.141067,0.192095,0.05792,0.050716,0.11321,-230.997,0.112246,-327.42,-268.286,21.1155,-0.01452,-247.461,-349.897,-248.236,-0.00095,0.049442,0.033586,0.185879,0.023134,-0.0208,1,1,1,1,0,1,1,1
222.1642,6.068517,1.768924,0.003002,0.004996,0.033971,0.047521,0.231567,0.251441,0.230797,0.243551,0.075206,0.233798,0.079405,0.192306,0.18777,0.141128,0.191809,0.057707,0.050671,0.112888,-250.305,0.111907,-315.817,-253.916,21.1155,-0.01485,-258.799,-333.448,-243.092,-0.00062,0.04929,0.033284,0.185774,0.02267,-0.02082,0,0,1,1,0,1,1,1
226.1033,6.525039,1.768972,0.003002,0.004996,0.033915,0.047512,0.231515,0.251449,0.231039,0.243576,0.075182,0.233615,0.079376,0.192019,0.187687,0.141038,0.192043,0.057895,0.050757,0.113167,-231.358,0.112112,-325.914,-267.913,21.1155,-0.0145,-246.692,-349.346,-246.041,-0.00043,0.049729,0.033512,0.185729,0.022956,-0.02067,1,1,1,1,0,1,1,1
230.4261,6.953002,1.768807,0.003002,0.004996,0.033935,0.047524,0.231492,0.251543,0.230802,0.243529,0.075187,0.23379,0.079385,0.192263,0.187828,0.140997,0.192038,0.057989,0.050598,0.113167,-249.127,0.11252,-317.063,-254.274,21.1155,-0.01434,-258.152,-333.417,-244.708,-0.00116,0.049657,0.033348,0.185747,0.022865,-0.02066,0,1,1,1,0,1,1,1
234.5322,7.383838,1.769028,0.003002,0.004997,0.033947,0.047552,0.23181,0.251619,0.2309,0.24372,0.075209,0.233931,0.079389,0.192346,0.187833,0.14101,0.192091,0.058138,0.050791,0.113043,-231.964,0.112536,-325.419,-267.551,21.1155,-0.0145,-247.438,-350.389,-244.85,-0.00051,0.049614,0.033732,0.185839,0.022826,-0.02054,1,1,1,1,0,1,1,1
238.3656,7.810522,1.768955,0.003002,0.004996,0.033907,0.047484,0.231747,0.251627,0.230909,0.243825,0.075165,0.233605,0.079382,0.19223,0.18774,0.140984,0.192109,0.058158,0.050686,0.112771,-250.068,0.112321,-317.513,-254.501,21.1155,-0.01498,-257.956,-333.795,-246.366,-0.00154,0.049762,0.033506,0.185571,0.022828,-0.02067,0,1,1,1,0,1,1,1
242.099,8.123199,1.769568,0.003002,0.004997,0.033952,0.047433,0.231384,0.251153,0.23097,0.243648,0.075142,0.233472,0.079393,0.192309,0.187766,0.141045,0.192219,0.057879,0.050882,0.112732,-231.491,0.112018,-324.984,-267.524,21.1155,-0.01546,-247.89,-349.603,-243.429,-0.00067,0.04982,0.033176,0.185444,0.02271,-0.02081,1,1,1,1,0,1,1,1
245.4801,8.542753,1.769477,0.003001,0.004996,0.033949,0.047411,0.231498,0.251256,0.231007,0.24359,0.075133,0.233462,0.079382,0.192136,0.187665,0.141024,0.191922,0.057975,0.050757,0.112745,-248.811,0.11194,-318.042,-254.981,21.1155,-0.01562,-257.027,-334.152,-246.315,-0.00081,0.049736,0.032649,0.185471,0.023039,-0.02078,0,1,1,1,0,1,1,1
248.6546,8.93212,1.769115,0.003002,0.004996,0.033912,0.047473,0.231564,0.251096,0.230918,0.243608,0.075173,0.233912,0.079383,0.192032,0.187702,0.141023,0.191975,0.058362,0.050878,0.112727,-233.217,0.112354,-324.231,-265.953,21.1155,-0.01506,-248.542,-349.967,-243.03,0.000567,0.04992,0.033309,0.185637,0.022788,-0.0202,1,1,1,1,0,1,1,1
251.6613,9.285769,1.768515,0.003002,0.004996,0.033883,0.047589,0.231753,0.251524,0.230891,0.243589,0.075258,0.234589,0.079373,0.192234,0.187625,0.140969,0.192044,0.05809,0.050691,0.113391,-246.743,0.112574,-319.277,-256.035,21.1155,-0.01395,-255.886,-334.263,-245.872,0.00188,0.0496,0.03344,0.185912,0.022912,-0.02058,0,1,1,1,0,1,1,1
254.4756,9.630412,1.768167,0.003002,0.004997,0.033893,0.047544,0.231682,0.251422,0.230932,0.243602,0.075228,0.234097,0.079378,0.192257,0.187572,0.140865,0.191896,0.05781,0.05041,0.113313,-234.175,0.11241,-323.386,-265.148,21.1155,-0.01433,-249.16,-350.175,-243.613,0.000806,0.049422,0.033402,0.185815,0.022695,-0.02093,1,1,1,1,0,1,1,1
256.4547,9.844536,1.769245,0.003002,0.004997,0.033952,0.047552,0.231743,0.251477,0.231085,0.24383,0.075238,0.233947,0.079409,0.192401,0.18778,0.140987,0.191877,0.057775,0.050524,0.113368,-247.258,0.112314,-319.549,-256.94,21.1155,-0.01455,-256.381,-334.204,-247.078,0.001418,0.049401,0.033521,0.18577,0.022912,-0.02093,0,1,1,1,0,1,1,1
256.7266,9.909864,1.768916,0.003002,0.004996,0.033954,0.047521,0.231783,0.251409,0.231108,0.243816,0.075208,0.234111,0.079405,0.192139,0.187765,0.140981,0.191794,0.057774,0.050553,0.113235,-234.458,0.112162,-322.084,-265.114,21.1155,-0.01432,-249.331,-348.337,-242.735,0.000638,0.04946,0.033495,0.185563,0.022874,-0.02087,1,1,1,1,0,1,1,1
256.3897,9.824976,1.76886,0.003002,0.004997,0.033941,0.047508,0.231701,0.251401,0.231033,0.243649,0.075247,0.233794,0.079391,0.192197,0.187657,0.141039,0.191853,0.05798,0.050632,0.113044,-242.987,0.11222,-320.664,-258.963,21.1155,-0.01456,-254.724,-339.802,-244.746,0.000703,0.049484,0.033338,0.185612,0.022844,-0.02075,1,1,1,1,0,1,1,1
256.3096,9.820051,1.768408,0.003002,0.004996,0.033922,0.047513,0.231653,0.251009,0.23083,0.243683,0.075226,0.233881,0.07938,0.19217,0.187658,0.140966,0.191893,0.05801,0.050556,0.112827,-230.103,0.112402,-327.873,-268.917,21.1155,-0.0147,-246.856,-351.38,-247.565,0.001527,0.049508,0.033202,0.185586,0.022904,-0.02089,1,1,1,1,0,1,1,1
256.6177,9.80828,1.768687,0.003002,0.004997,0.033949,0.047525,0.231559,0.251348,0.231064,0.243618,0.075241,0.233868,0.079373,0.192365,0.187697,0.141005,0.19197,0.058414,0.050621,0.113114,-246.173,0.112347,-321.12,-256.945,21.1155,-0.01451,-257.63,-336.345,-248.132,0.000869,0.049775,0.033419,0.185599,0.022736,-0.02047,1,1,1,1,0,1,1,1
256.904,9.806084,1.769592,0.003002,0.004996,0.033966,0.047487,0.231525,0.25132,0.231094,0.243498,0.075181,0.233656,0.079383,0.192013,0.187733,0.141017,0.192066,0.058251,0.050931,0.112758,-235.485,0.112116,-321.923,-264.559,21.1155,-0.01509,-248.005,-347.003,-241.667,0.000732,0.05,0.03343,0.185791,0.023009,-0.02053,1,1,1,1,0,1,1,1
257.1326,9.816703,1.768221,0.003002,0.004996,0.033958,0.047511,0.231522,0.251354,0.230794,0.243684,0.075181,0.233931,0.079374,0.19211,0.187589,0.1409,0.191993,0.058036,0.050594,0.11308,-244.041,0.112131,-322.252,-258.111,21.1155,-0.01428,-258.115,-337.174,-249.022,0.000822,0.049558,0.033607,0.185825,0.023064,-0.02088,1,1,1,1,0,1,1,1
257.3466,9.798597,1.768943,0.003002,0.004996,0.033954,0.047468,0.231415,0.251234,0.230856,0.243566,0.075167,0.233988,0.079374,0.19242,0.18775,0.140992,0.192093,0.05789,0.050756,0.112918,-236.928,0.112081,-319.849,-263.629,21.1155,-0.01462,-247.074,-345.541,-240.904,0.000604,0.049772,0.03336,0.1858,0.022932,-0.02065,1,0,1,1,0,1,1,1
257.6443,9.845411,1.769683,0.003001,0.004996,0.033946,0.047448,0.231536,0.25141,0.230781,0.243756,0.075178,0.233731,0.079387,0.192319,0.187769,0.141082,0.19198,0.057662,0.050925,0.112618,-244.136,0.111911,-322.897,-258.055,21.1155,-0.01489,-258.29,-338.936,-248.897,0.00176,0.049746,0.033331,0.185661,0.022819,-0.02072,1,1,1,1,0,1,1,1
260.3726,11.20108,1.769978,0.003001,0.004996,0.033972,0.047434,0.231471,0.251188,0.230886,0.243655,0.07515,0.233366,0.079376,0.192314,0.187793,0.141103,0.191902,0.057872,0.050894,0.112781,-237.205,0.111999,-319.086,-264.024,21.1155,-0.01513,-247.623,-344.052,-240.797,0.001229,0.049788,0.033082,0.185676,0.022796,-0.0209,1,0,1,1,0,0,0,1
264.979,12.14737,1.768886,0.003002,0.004997,0.033929,0.047505,0.231603,0.251495,0.230932,0.243787,0.075216,0.233754,0.079347,0.192351,0.1878,0.141062,0.191925,0.058062,0.050813,0.113124,-243.237,0.112444,-323.167,-258.546,21.1155,-0.01416,-258.366,-340.651,-249.303,0.001332,0.049732,0.033106,0.185795,0.022851,-0.02044,1,1,0,1,0,0,0,1
269.8363,13.1062,1.769129,0.003002,0.004996,0.03396,0.047462,0.231561,0.251299,0.230835,0.243755,0.075169,0.233482,0.079401,0.192242,0.187739,0.141101,0.191959,0.058129,0.051012,0.112771,-238.043,0.112395,-319.859,-262.475,21.1155,-0.015,-247.651,-341.667,-240.309,0.001046,0.04975,0.033005,0.185677,0.022823,-0.02059,1,0,0,1,0,0,0,1
274.2531,13.82639,1.770089,0.003001,0.004996,0.03404,0.047385,0.231184,0.251008,0.230949,0.243747,0.075086,0.23298,0.079443,0.192179,0.18782,0.14113,0.191937,0.05783,0.051025,0.112368,-242.872,0.112058,-322.404,-259.191,21.1155,-0.01604,-257.725,-343.107,-249.803,0.000364,0.050034,0.033063,0.185549,0.022794,-0.02058,1,1,0,1,1,0,0,1
277.5471,14.586,1.770691,0.003001,0.004996,0.034024,0.047341,0.231452,0.251006,0.230792,0.243539,0.07506,0.233066,0.079441,0.192073,0.187706,0.141102,0.191943,0.057977,0.051031,0.112625,-238.671,0.11191,-320.452,-262.332,21.1155,-0.01633,-247.619,-340.193,-239.574,0.001133,0.050034,0.032878,0.185522,0.022568,-0.02056,1,0,0,1,1,0,0,0
279.6074,15.69889,1.771099,0.003001,0.004996,0.033997,0.04732,0.231446,0.250886,0.230781,0.243888,0.075062,0.232828,0.07944,0.192223,0.187755,0.14111,0.192133,0.058241,0.051174,0.112534,-242.06,0.112107,-321.373,-259.483,21.1155,-0.01616,-257.861,-343.732,-251.178,0.000829,0.05027,0.032926,0.185486,0.022673,-0.02016,1,1,0,1,1,0,0,0
281.5333,15.81597,1.771558,0.003001,0.004996,0.034024,0.047298,0.231351,0.250716,0.230858,0.243967,0.075046,0.232545,0.079457,0.192204,0.187847,0.141127,0.19214,0.058191,0.051228,0.1125,-238.688,0.111859,-320.339,-262.478,21.1155,-0.016,-246.331,-339.839,-238.016,0.001164,0.050109,0.032824,0.185385,0.022449,-0.02011,1,0,0,1,1,0,0,0
284.062,15.7495,1.77194,0.003001,0.004996,0.034042,0.04729,0.231292,0.250798,0.230844,0.243761,0.075036,0.232803,0.079475,0.192323,0.187845,0.141203,0.192103,0.058064,0.05105,0.112214,-242.232,0.111955,-321.766,-258.977,21.1155,-0.01624,-258.878,-344.604,-252.322,-5.78E-05,0.05028,0.032432,0.185398,0.022222,-0.02025,1,1,0,1,1,0,0,0
286.4237,15.78345,1.771344,0.003001,0.004996,0.034047,0.047297,0.231272,0.250912,0.23102,0.24368,0.075021,0.233012,0.079453,0.192311,0.187808,0.141201,0.191938,0.05807,0.050928,0.112072,-238.908,0.112037,-319.851,-263.362,21.1155,-0.01652,-247.05,-339.018,-236.564,0.001023,0.050029,0.032624,0.185317,0.022331,-0.02018,1,0,0,1,1,0,0,0
288.9135,15.83094,1.771662,0.003001,0.004995,0.033988,0.047263,0.231306,0.250704,0.230818,0.243834,0.074991,0.232335,0.079435,0.192312,0.18775,0.141128,0.192065,0.057961,0.051054,0.112089,-241.931,0.111683,-322.549,-258.604,21.1155,-0.01628,-259.337,-345.447,-253.671,0.000417,0.050113,0.032683,0.185447,0.022442,-0.02022,1,1,0,1,1,0,0,0
289.9473,15.89069,1.77037,0.003001,0.004996,0.033985,0.047367,0.23145,0.250931,0.230757,0.243869,0.075088,0.233003,0.079415,0.192154,0.187773,0.141086,0.192035,0.058238,0.0512,0.112255,-239.658,0.11234,-319.224,-262.783,21.1155,-0.01521,-246.044,-337.762,-235.873,0.000912,0.050002,0.03285,0.185608,0.022765,-0.0201,1,0,0,1,1,0,0,0
288.8584,15.87031,1.770187,0.003001,0.004995,0.034001,0.047355,0.231333,0.25102,0.230855,0.243878,0.075069,0.232838,0.079429,0.192115,0.18775,0.141115,0.192128,0.05845,0.051048,0.112276,-241.822,0.112319,-323.093,-260.439,21.1155,-0.01557,-259.061,-345.878,-253.565,0.001338,0.050183,0.032793,0.185609,0.02255,-0.02002,1,1,0,1,1,0,0,0
288.7774,15.8729,1.770422,0.003001,0.004995,0.034006,0.047377,0.231096,0.25104,0.230809,0.243757,0.075062,0.233203,0.07944,0.192245,0.187772,0.14161,0.192067,0.058397,0.051117,0.112217,-240.065,0.112257,-319.195,-261.544,21.1155,-0.01621,-246.169,-338.081,-235.968,0.001231,0.049979,0.032609,0.185581,0.022692,-0.02018,1,0,0,1,1,0,0,0
289.6052,15.87923,1.769829,0.003001,0.004996,0.033987,0.047407,0.231448,0.251215,0.230837,0.244141,0.075087,0.232886,0.07942,0.192089,0.187703,0.141624,0.192119,0.058425,0.050822,0.112284,-239.867,0.112199,-322.749,-261.434,21.1155,-0.01547,-258.94,-345.631,-253.247,0.000838,0.050041,0.033187,0.185547,0.022666,-0.02022,1,1,0,1,1,0,0,0
290.2822,15.79893,1.770019,0.003001,0.004996,0.033992,0.047415,0.231383,0.251047,0.230736,0.243741,0.075117,0.233432,0.0794,0.192215,0.187843,0.141658,0.192121,0.058342,0.051235,0.112462,-240.81,0.112304,-319.638,-260.085,21.1155,-0.01535,-246.558,-337.843,-236.546,0.000941,0.050098,0.033296,0.185685,0.022801,-0.02018,1,0,0,1,1,0,0,0
290.3826,15.77219,1.769998,0.003001,0.004996,0.034007,0.04713,0.231408,0.251337,0.23078,0.243694,0.075088,0.23306,0.079417,0.19226,0.187837,0.141743,0.192144,0.058164,0.051134,0.112439,-240.478,0.112181,-322.378,-261.571,21.1155,-0.01537,-259.186,-346.246,-252.915,0.001267,0.050112,0.033284,0.18561,0.022661,-0.0202,1,1,0,1,1,0,0,0
290.4181,15.76436,1.769934,0.003001,0.004996,0.033977,0.047614,0.231488,0.251342,0.231109,0.243906,0.075103,0.232774,0.079417,0.192246,0.187799,0.141696,0.191943,0.058041,0.050935,0.112379,-241.186,0.112118,-319.771,-259.722,21.1155,-0.01553,-246.974,-337.013,-236.691,0.000726,0.049949,0.033206,0.185327,0.022535,-0.02028,1,0,0,1,1,0,0,0
290.2261,15.78668,1.768769,0.003001,0.004996,0.033939,0.047216,0.231373,0.251033,0.230855,0.243827,0.075137,0.23307,0.079375,0.192189,0.187734,0.141517,0.192047,0.058179,0.050792,0.112606,-239.986,0.112429,-322.542,-262.636,21.1155,-0.01485,-259.34,-347.716,-254.184,0.000875,0.049638,0.033401,0.185632,0.022601,-0.02024,1,1,0,1,1,0,0,0
290.2537,15.77193,1.767974,0.003002,0.004996,0.033907,0.049835,0.23158,0.251214,0.230834,0.243489,0.075155,0.233824,0.079359,0.192023,0.187737,0.141486,0.191852,0.058243,0.050711,0.11265,-241.002,0.11237,-319.496,-259.695,21.1155,-0.0149,-245.722,-335.553,-235.776,0.001032,0.049375,0.033566,0.185562,0.022623,-0.02058,1,0,0,1,1,0,0,0
290.2014,15.77825,1.767589,0.003001,0.004995,0.033865,0.047374,0.23143,0.251313,0.23093,0.243612,0.075096,0.233193,0.079349,0.191961,0.187523,0.141235,0.191948,0.058392,0.051022,0.112693,-240.04,0.112555,-322.908,-263.78,21.1155,-0.01465,-258.523,-349.689,-253.499,0.001938,0.049359,0.033666,0.185631,0.022847,-0.02051,1,1,0,1,1,0,0,0
289.9928,15.77079,1.768902,0.003001,0.004996,0.033914,0.047407,0.231354,0.250966,0.230934,0.243553,0.075104,0.233256,0.079375,0.192258,0.187634,0.141384,0.192117,0.058347,0.051276,0.112334,-240.902,0.112459,-319.514,-257.457,21.1155,-0.0152,-246.851,-333.784,-236.272,0.001209,0.049696,0.033535,0.185548,0.022821,-0.02058,0,0,0,1,1,0,0,0
289.8336,15.77092,1.768525,0.003002,0.004996,0.033878,0.049004,0.231519,0.251428,0.230673,0.243437,0.075197,0.234076,0.079388,0.192118,0.187686,0.140989,0.191939,0.058239,0.050959,0.112641,-240.397,0.112321,-323.188,-264.714,21.1155,-0.01499,-258.291,-348.934,-253.864,0.00102,0.049519,0.033642,0.185613,0.022653,-0.02074,1,1,0,1,1,0,0,0
289.9093,15.78139,1.769257,0.003002,0.004996,0.033926,0.047515,0.23145,0.251232,0.230769,0.243571,0.07513,0.233603,0.07942,0.19222,0.187687,0.141055,0.191732,0.058043,0.050819,0.112519,-241.05,0.112175,-319.887,-257.219,21.1155,-0.01535,-246.896,-334.121,-236.2,0.001354,0.049526,0.032873,0.185381,0.022755,-0.02056,0,0,0,1,1,0,0,0
289.8895,15.7945,1.769031,0.003002,0.004995,0.033901,0.047482,0.231503,0.251622,0.231012,0.243543,0.075156,0.233255,0.079427,0.192135,0.18779,0.141098,0.19178,0.058315,0.050985,0.112844,-240.411,0.112722,-323.524,-265.068,21.1155,-0.01503,-258.03,-350.449,-253.923,0.000807,0.049582,0.033148,0.185498,0.022464,-0.02039,1,1,0,1,1,0,0,0
289.9382,15.79208,1.770019,0.003002,0.004995,0.033925,0.0474,0.231328,0.251191,0.231159,0.243624,0.075112,0.233383,0.079458,0.192252,0.187791,0.141111,0.192109,0.058218,0.051243,0.112737,-240.982,0.11241,-319.507,-256.513,21.1155,-0.01495,-247.094,-332.9,-236.164,0.001562,0.049819,0.033137,0.185436,0.022732,-0.02032,0,0,0,1,1,0,0,0
289.9553,15.77973,1.769686,0.003001,0.004995,0.033909,0.047327,0.231214,0.250756,0.23057,0.243753,0.075031,0.233211,0.079417,0.19196,0.187674,0.141071,0.191934,0.058255,0.051271,0.112239,-239.653,0.112371,-322.91,-265.721,21.1155,-0.0157,-257.393,-351.068,-253.893,0.000983,0.050031,0.032834,0.185605,0.022766,-0.02012,1,1,0,1,1,0,0,0
289.9868,15.84818,1.770831,0.003001,0.004995,0.033923,0.047281,0.231173,0.250769,0.230646,0.243605,0.074999,0.232288,0.079454,0.192229,0.187738,0.14112,0.191769,0.058083,0.051303,0.111919,-242.552,0.111994,-319.417,-256.225,21.1155,-0.01613,-247.38,-332.519,-235.723,0.000616,0.050015,0.03242,0.185221,0.022285,-0.02006,0,0,0,1,1,0,0,0
290.0941,15.94352,1.771204,0.003001,0.004995,0.03392,0.047269,0.231392,0.250801,0.230666,0.243548,0.07497,0.232616,0.079455,0.191935,0.187751,0.141166,0.191606,0.057897,0.051063,0.111871,-238.077,0.111779,-323.827,-266.359,21.1155,-0.01651,-258.041,-351.356,-254.466,0.000855,0.049922,0.032267,0.185227,0.022193,-0.02015,1,1,0,1,1,0,0,0
290.1789,15.83977,1.771321,0.003001,0.004995,0.033946,0.047337,0.230993,0.250549,0.230457,0.243789,0.074956,0.232636,0.079456,0.192053,0.187711,0.14113,0.191728,0.057993,0.051214,0.111971,-243.749,0.111872,-318.047,-255.415,21.1155,-0.01622,-248.461,-331.944,-235.221,0.000409,0.050246,0.032497,0.18511,0.022369,-0.02019,0,0,0,1,1,0,0,0
290.2106,15.92886,1.771006,0.003001,0.004995,0.033934,0.048499,0.231103,0.250492,0.230581,0.2437,0.074964,0.232389,0.079434,0.192161,0.187774,0.141131,0.191753,0.058132,0.051162,0.111863,-236.967,0.111963,-324.692,-266.762,21.1155,-0.01629,-256.079,-351.576,-255.011,0.000974,0.050383,0.032565,0.185221,0.022399,-0.01991,1,1,0,1,1,0,0,0
290.2533,15.90571,1.771125,0.003001,0.004994,0.033928,0.047695,0.230947,0.250302,0.230559,0.243701,0.074923,0.232414,0.079408,0.191975,0.187666,0.141099,0.191824,0.058386,0.051358,0.11169,-244.317,0.112106,-317.399,-254.826,21.1155,-0.01643,-249.448,-331.77,-235.155,0.00133,0.050486,0.032301,0.18511,0.022336,-0.01985,0,0,0,1,1,0,0,0
290.4322,15.87391,1.771111,0.003001,0.004995,0.033946,0.04734,0.230894,0.250499,0.230769,0.243657,0.074924,0.231706,0.079438,0.192148,0.187818,0.141117,0.191846,0.058493,0.051226,0.111753,-236.746,0.112133,-324.982,-268.1,21.1155,-0.01635,-255.991,-351.461,-254.725,0.001046,0.050508,0.032083,0.185123,0.02224,-0.01967,1,1,0,1,1,0,0,0
290.484,15.94058,1.77136,0.003001,0.004995,0.033966,0.047203,0.230996,0.250588,0.23061,0.243659,0.074921,0.23191,0.079475,0.192132,0.187836,0.14117,0.191965,0.058615,0.051487,0.111547,-244.416,0.112044,-316.853,-253.789,21.1155,-0.01686,-248.687,-331.96,-234.923,0.000864,0.050608,0.032172,0.185085,0.022286,-0.01972,0,0,0,1,1,0,0,0
290.4142,16.5773,1.772148,0.003,0.004993,0.033966,0.047124,0.23098,0.250422,0.230599,0.243504,0.074883,0.231956,0.079471,0.192059,0.187818,0.141197,0.191867,0.058691,0.051667,0.111551,-247.381,0.112003,-316.107,-253.391,21.1155,-0.01711,-247.442,-330.95,-234.592,0.000816,0.050698,0.031969,0.185099,0.022049,-0.01923,0,0,0,1,1,0,0,0
290.0057,16.57746,1.771606,0.003,0.004994,0.033972,0.047126,0.230846,0.250423,0.230514,0.243643,0.074864,0.23186,0.079467,0.191965,0.187784,0.141182,0.191888,0.058616,0.051718,0.111491,-238.624,0.111865,-323.166,-263.728,21.1155,-0.01731,-253.562,-345.258,-248.61,-0.00016,0.050803,0.03195,0.184772,0.02222,-0.01949,1,1,0,1,1,0,0,0
289.1276,16.58592,1.771789,0.003001,0.004994,0.033976,0.047153,0.231032,0.250563,0.230368,0.243769,0.074876,0.231914,0.079459,0.192001,0.18782,0.141185,0.191809,0.058576,0.051578,0.111593,-242.147,0.111983,-319.583,-256.005,21.1155,-0.01723,-247.964,-332.567,-235.779,0.000262,0.050664,0.031962,0.184756,0.022112,-0.0193,0,0,0,1,1,0,0,0
288.119,16.58562,1.772108,0.003,0.004994,0.034003,0.047151,0.230804,0.250339,0.23054,0.243814,0.074846,0.231507,0.079482,0.192089,0.187763,0.141194,0.191807,0.058815,0.051575,0.111402,-233.955,0.111957,-327.639,-269.88,21.1155,-0.01747,-256.656,-352.917,-255.955,0.00037,0.050704,0.032024,0.184689,0.022103,-0.01938,1,1,0,1,1,0,0,0
288.0049,16.57498,1.772122,0.003,0.004994,0.034008,0.047114,0.230859,0.250233,0.230316,0.243715,0.074821,0.231897,0.079494,0.192122,0.187856,0.141219,0.19194,0.058522,0.051683,0.111516,-247.581,0.111929,-314.5,-252.155,21.1155,-0.01735,-247.807,-329.686,-233.788,0.000389,0.050907,0.032108,0.184929,0.022133,-0.01951,0,0,0,1,1,0,0,0
288.0248,16.28575,1.771921,0.003,0.004994,0.033995,0.047119,0.230879,0.250359,0.230375,0.24372,0.074824,0.231708,0.079462,0.19204,0.187778,0.1412,0.191664,0.058542,0.051807,0.111484,-233.908,0.112035,-328.04,-269.679,21.1155,-0.01719,-257.042,-354.677,-255.961,-0.00015,0.050645,0.031758,0.184904,0.022081,-0.01934,1,1,0,1,1,0,0,0
287.9721,16.47419,1.772601,0.003,0.004994,0.034016,0.047059,0.230822,0.25041,0.230566,0.243497,0.074788,0.23137,0.079486,0.191953,0.187856,0.141259,0.192006,0.058848,0.051989,0.111354,-247.276,0.112069,-313.696,-251.23,21.1155,-0.01781,-248.904,-329.204,-233.571,0.000361,0.051007,0.031855,0.184731,0.022053,-0.01914,0,0,0,1,1,0,0,0
287.9612,16.5716,1.772784,0.003,0.004994,0.034016,0.04704,0.230986,0.250562,0.230488,0.24364,0.074798,0.231345,0.079504,0.192151,0.187872,0.141294,0.192025,0.058827,0.051976,0.111302,-232.597,0.112085,-329.285,-271.798,21.1155,-0.01786,-256.886,-355.306,-256.551,0.001142,0.051087,0.031733,0.184732,0.022196,-0.01908,1,1,0,1,1,0,0,0
287.889,16.58178,1.77283,0.003,0.004994,0.033974,0.047041,0.230554,0.249986,0.230349,0.243729,0.074784,0.231345,0.079481,0.19184,0.18787,0.141273,0.191772,0.058782,0.051991,0.111307,-248.533,0.111863,-311.954,-250.009,21.1155,-0.01808,-249.469,-328.115,-233.883,0.000723,0.05095,0.031222,0.18456,0.021853,-0.01909,0,0,0,1,1,0,0,0
287.875,16.57655,1.773248,0.003,0.004994,0.034019,0.047025,0.230469,0.250078,0.230478,0.243778,0.07477,0.231289,0.079518,0.192098,0.187851,0.141267,0.191935,0.058746,0.052075,0.111374,-232.871,0.111801,-330.559,-270.941,21.1155,-0.01785,-255.927,-356.331,-255.618,0.000493,0.050959,0.031552,0.184657,0.022006,-0.01927,1,1,0,1,1,0,0,0
287.8482,16.57902,1.773034,0.003,0.004994,0.034,0.046998,0.230602,0.250036,0.230378,0.243665,0.074752,0.230938,0.0795,0.191924,0.187828,0.141275,0.191883,0.058648,0.05203,0.111256,-248.124,0.111761,-311.879,-250.478,21.1155,-0.01785,-249.411,-327.023,-234.617,0.00032,0.051015,0.031393,0.184733,0.021707,-0.0192,0,0,0,1,1,0,0,0
287.9897,16.5741,1.773447,0.003,0.004994,0.034029,0.047002,0.230774,0.250021,0.230402,0.243677,0.074755,0.231107,0.079518,0.192087,0.187863,0.141301,0.191908,0.05873,0.051922,0.111228,-232.944,0.111833,-330.905,-272.659,21.1155,-0.01803,-255.352,-356.113,-255.062,0.001262,0.051034,0.031275,0.184828,0.021781,-0.01904,1,1,0,1,1,0,0,0
288.0672,16.58,1.773511,0.003,0.004994,0.034058,0.047021,0.230478,0.25004,0.230277,0.243674,0.074737,0.230944,0.079526,0.192053,0.187908,0.141361,0.191824,0.058693,0.051967,0.111103,-248.564,0.111784,-311.587,-249.377,21.1155,-0.01805,-250.086,-328.016,-233.824,0.000723,0.051014,0.031479,0.184704,0.02163,-0.0191,0,0,0,1,1,0,0,0
288.0734,16.57695,1.773445,0.003,0.004994,0.034032,0.046993,0.230581,0.24991,0.230387,0.243717,0.074732,0.230854,0.079501,0.192082,0.187837,0.141287,0.191924,0.058737,0.051984,0.111396,-233.757,0.111854,-330.852,-272.21,21.1155,-0.01789,-255.294,-355.95,-256.716,0.000295,0.050947,0.031492,0.184654,0.021658,-0.01913,1,1,0,1,1,0,0,0
288.045,16.57445,1.772559,0.003,0.004993,0.034008,0.046944,0.230488,0.2498,0.230395,0.243528,0.07471,0.23105,0.079475,0.192054,0.187738,0.141164,0.191958,0.058599,0.051815,0.111226,-247.604,0.111728,-311.677,-249.496,21.1155,-0.01791,-249.214,-327.787,-233.564,0.000364,0.050898,0.031164,0.18448,0.021601,-0.01917,0,0,0,1,1,0,0,0
287.8287,16.57636,1.773599,0.003,0.004994,0.034057,0.04694,0.23045,0.249988,0.230181,0.243701,0.074708,0.23053,0.079526,0.191954,0.187837,0.141351,0.192064,0.058627,0.051912,0.111109,-233.073,0.111795,-330.6,-272.089,21.1155,-0.01807,-256.243,-356.098,-256.276,0.000447,0.051002,0.031207,0.184809,0.02157,-0.01901,1,1,0,1,1,0,0,0
287.6377,16.57587,1.773224,0.003,0.004994,0.034071,0.046953,0.230507,0.249898,0.230262,0.243726,0.074702,0.230878,0.079545,0.192014,0.187847,0.141288,0.191936,0.058603,0.051838,0.111246,-247.836,0.111772,-311.596,-249.997,21.1155,-0.01823,-248.995,-326.984,-233.929,0.000935,0.051021,0.031383,0.184631,0.021681,-0.01901,0,0,0,1,1,0,0,0
287.5891,16.58719,1.773605,0.003,0.004994,0.03406,0.046956,0.230682,0.249944,0.230231,0.243764,0.074707,0.230905,0.079535,0.192161,0.187887,0.141331,0.191904,0.058575,0.051827,0.111223,-233.148,0.11151,-331.142,-271.918,21.1155,-0.0182,-255.211,-356.235,-255.595,0.001258,0.051093,0.031462,0.184703,0.021669,-0.01907,1,1,0,1,1,0,0,0
288.2802,16.52039,1.773494,0.003232,0.004994,0.034061,0.046977,0.23058,0.250014,0.230232,0.243754,0.074721,0.231071,0.079529,0.19195,0.18792,0.14127,0.191955,0.058698,0.051864,0.111262,-247.387,0.111554,-310.965,-250.585,21.1155,-0.01823,-250.271,-326.986,-234.533,0.000927,0.051028,0.031446,0.184889,0.021852,-0.01916,0,0,0,1,1,0,0,0
287.6651,16.00017,1.773404,0.003365,0.004994,0.034056,0.04699,0.2304,0.249879,0.230267,0.243796,0.074716,0.231021,0.079532,0.19203,0.187964,0.141312,0.191863,0.058636,0.051879,0.111088,-233.939,0.111636,-331.202,-271.149,21.1155,-0.01823,-255.527,-356.533,-254.791,0.001137,0.05104,0.031459,0.184728,0.021679,-0.01918,1,1,0,1,1,0,0,0
288.1019,15.84118,1.773167,0.003301,0.004994,0.034062,0.046912,0.230814,0.249778,0.230337,0.243745,0.074725,0.230988,0.07954,0.191924,0.187923,0.141314,0.19194,0.058712,0.051938,0.111233,-248.214,0.111687,-311.543,-251.224,21.1155,-0.01821,-250.07,-326.917,-234.966,0.000616,0.050993,0.031346,0.184826,0.02184,-0.01891,0,0,0,1,1,0,0,0
288.1217,15.93663,1.773309,0.003283,0.004993,0.034041,0.046987,0.230775,0.250023,0.230351,0.243607,0.074726,0.231427,0.079541,0.191895,0.187925,0.141334,0.191941,0.05871,0.052157,0.111273,-232.439,0.111727,-330.685,-270.992,21.1155,-0.01813,-254.964,-356.507,-254.327,0.000568,0.05094,0.031499,0.18484,0.021782,-0.01933,1,1,0,1,1,0,0,0
287.8692,15.83683,1.770598,0.003296,0.004995,0.033938,0.04719,0.230947,0.250476,0.230335,0.243678,0.074867,0.232342,0.079448,0.191926,0.187779,0.141569,0.192128,0.059013,0.052009,0.111526,-249.816,0.112586,-311.75,-251.622,21.1155,-0.01764,-250.659,-328.218,-235.368,0.001484,0.050947,0.032351,0.18535,0.022452,-0.01901,0,0,0,0,1,0,0,0
286.6216,15.93618,1.769086,0.003301,0.004996,0.033893,0.047288,0.231134,0.250967,0.230544,0.243551,0.074958,0.233263,0.079373,0.192047,0.187674,0.141577,0.192056,0.05873,0.051191,0.111791,-230.949,0.11242,-331.131,-271.038,21.1155,-0.01672,-255.076,-356.715,-254.537,0.001224,0.050229,0.032963,0.185373,0.022393,-0.01914,1,1,0,1,1,0,0,0
286.361,15.84952,1.770459,0.00331,0.004996,0.03397,0.047358,0.231209,0.251103,0.230698,0.243657,0.075004,0.232962,0.07943,0.192193,0.187762,0.14139,0.191745,0.058019,0.050899,0.111918,-250.621,0.112268,-311.913,-251.101,21.1155,-0.01639,-250.405,-325.834,-235.128,0.00085,0.049842,0.032493,0.185412,0.02239,-0.01984,0,0,0,1,1,0,0,0
287.2286,15.95595,1.769979,0.003303,0.004995,0.033962,0.047381,0.231408,0.251007,0.23092,0.243732,0.075045,0.233048,0.079419,0.192323,0.187778,0.141382,0.191801,0.058039,0.050946,0.111863,-230.372,0.112162,-330.862,-271.536,21.1155,-0.01588,-254.798,-356.758,-255.023,0.001524,0.04989,0.03301,0.18535,0.022419,-0.02023,1,1,0,1,1,0,0,0
287.9468,15.86924,1.768738,0.003357,0.004996,0.033921,0.047409,0.231386,0.251164,0.230819,0.243752,0.075066,0.233085,0.079381,0.192032,0.187709,0.141226,0.192067,0.058163,0.051039,0.11219,-251.204,0.112329,-311.589,-250.103,21.1155,-0.01553,-250.518,-326.586,-234.519,0.001349,0.049802,0.033398,0.185633,0.02258,-0.02001,0,0,0,1,1,0,0,0
288.5789,15.89782,1.766722,0.003321,0.004996,0.033849,0.047474,0.231555,0.251372,0.230753,0.243271,0.075122,0.233856,0.079313,0.191763,0.187435,0.140971,0.192016,0.058092,0.050779,0.112597,-230.419,0.112301,-331.141,-271.926,21.1155,-0.01434,-254.952,-357.574,-254.703,0.001495,0.049478,0.033658,0.185622,0.022769,-0.02037,1,1,0,1,1,0,0,0
288.0547,15.9184,1.767071,0.003285,0.004996,0.033863,0.047548,0.231832,0.251555,0.230634,0.243534,0.07519,0.234256,0.079355,0.19201,0.187505,0.141024,0.192008,0.05768,0.050419,0.112558,-251.528,0.112126,-311.312,-249.865,21.1155,-0.01412,-250.632,-325.752,-235.306,0.001849,0.04935,0.034072,0.185485,0.022768,-0.02091,0,0,0,1,1,0,0,0
288.2711,15.83783,1.767383,0.00335,0.004997,0.033854,0.047593,0.23179,0.251482,0.230689,0.24355,0.075183,0.234085,0.079344,0.191979,0.187496,0.141043,0.192002,0.058003,0.050269,0.112557,-230.103,0.112429,-331.646,-272.178,21.1155,-0.01405,-253.845,-356.814,-255.081,0.001399,0.049193,0.033962,0.185809,0.02277,-0.02048,1,1,0,1,1,0,0,0
288.2247,15.93424,1.766134,0.003343,0.004997,0.033805,0.047607,0.231987,0.251834,0.230652,0.243318,0.075227,0.234415,0.079306,0.191895,0.187376,0.140971,0.192208,0.058157,0.050561,0.112774,-251.69,0.112833,-311.57,-250.122,21.1155,-0.01376,-252.383,-326.878,-234.343,0.001151,0.049274,0.033955,0.185796,0.023128,-0.02042,0,0,0,1,1,0,0,0
287.7756,15.8619,1.766473,0.003301,0.004997,0.033802,0.047659,0.232153,0.251836,0.231038,0.243474,0.07526,0.234747,0.079287,0.192036,0.187514,0.141017,0.192251,0.058326,0.050396,0.112926,-229.73,0.112915,-330.02,-271.879,21.1155,-0.01361,-251.854,-356.11,-255.185,0.000741,0.04921,0.034151,0.18574,0.02311,-0.02062,1,1,0,1,1,0,0,0
287.2996,16.53757,1.765951,0.003188,0.004997,0.033785,0.047652,0.231981,0.25191,0.230886,0.24339,0.075244,0.234309,0.079272,0.192161,0.187525,0.141032,0.192193,0.058086,0.050536,0.112975,-251.196,0.112682,-312.325,-249.438,21.1155,-0.01385,-254.129,-326.99,-234.9,0.001642,0.049292,0.034336,0.185778,0.023167,-0.02084,0,0,0,1,1,0,0,0
287.3326,16.56317,1.766354,0.003003,0.004997,0.033815,0.047632,0.231844,0.251637,0.23075,0.243667,0.075246,0.234758,0.079314,0.192016,0.187503,0.141102,0.192041,0.057913,0.05054,0.112962,-230.831,0.112512,-330.627,-272.855,21.1155,-0.01366,-251.434,-357.067,-255.191,0.000409,0.04935,0.034168,0.185676,0.023202,-0.02085,1,1,0,1,1,0,0,0
287.4199,16.5686,1.766487,0.003003,0.004997,0.03382,0.047606,0.231896,0.251538,0.23085,0.243466,0.075226,0.234349,0.079324,0.192043,0.187675,0.141082,0.192052,0.057623,0.050319,0.112936,-250.657,0.112359,-311.246,-248.964,21.1155,-0.01368,-254.728,-325.942,-234.211,0.001261,0.04924,0.034021,0.185734,0.023015,-0.021,0,0,0,1,1,0,0,0
287.4996,16.56493,1.765622,0.003002,0.004997,0.033766,0.055287,0.231751,0.251484,0.230585,0.243903,0.075312,0.234676,0.079275,0.192137,0.18758,0.140994,0.192032,0.057812,0.050183,0.112895,-230.02,0.112558,-331.485,-274.406,21.1155,-0.01384,-249.063,-357.95,-256.282,0.001125,0.0493,0.033877,0.185609,0.023135,-0.02089,1,1,0,1,1,0,0,0
287.3187,16.57775,1.764475,0.003002,0.004996,0.033724,0.047635,0.231792,0.251599,0.230758,0.243304,0.075219,0.234446,0.07925,0.191994,0.187346,0.140817,0.192118,0.057844,0.050034,0.112992,-251.143,0.112445,-311.399,-247.132,21.1155,-0.0136,-256.217,-325.057,-233.98,0.001409,0.049099,0.034118,0.185794,0.023192,-0.02092,0,0,0,1,1,0,0,0
285.5062,16.57473,1.76551,0.003004,0.004997,0.033823,0.04768,0.232027,0.251819,0.230807,0.243754,0.075264,0.234313,0.079301,0.192109,0.187503,0.14101,0.192055,0.057805,0.05004,0.112982,-230.31,0.112718,-331.237,-274.525,21.1155,-0.0133,-249.89,-358.745,-256.438,0.001222,0.049125,0.034314,0.185887,0.023293,-0.02085,1,1,0,1,1,0,0,0
282.0926,16.58011,1.76547,0.003003,0.004996,0.033838,0.047664,0.231914,0.251544,0.230931,0.243286,0.075251,0.234786,0.079295,0.192182,0.187424,0.140953,0.19232,0.057681,0.050236,0.112968,-250.626,0.112678,-311.404,-246.998,21.1155,-0.01337,-255.139,-324.65,-233.448,0.001634,0.049105,0.034305,0.185947,0.023263,-0.02094,0,0,0,1,1,0,0,0
278.0539,16.57593,1.765989,0.003003,0.004997,0.033863,0.047638,0.231788,0.251777,0.230894,0.243475,0.075228,0.234372,0.079319,0.192122,0.187459,0.141027,0.191957,0.057598,0.050123,0.112741,-231.093,0.112378,-330.739,-275.626,21.1155,-0.01397,-250.022,-359.142,-255.828,0.001254,0.048914,0.034141,0.18584,0.023006,-0.0211,1,1,0,1,1,0,0,0
274.6333,16.55395,1.765801,0.003003,0.004997,0.033847,0.047654,0.231936,0.251742,0.230911,0.243243,0.075225,0.234404,0.079304,0.192156,0.187513,0.141043,0.191739,0.057566,0.049752,0.11263,-250.203,0.112597,-311.042,-246.274,21.1155,-0.01398,-255.046,-324.269,-234.518,0.000957,0.048852,0.033884,0.185619,0.023164,-0.02122,0,0,0,1,1,0,0,0
271.9708,16.54535,1.765462,0.003004,0.004997,0.033836,0.047684,0.2318,0.251748,0.23085,0.243497,0.075265,0.234892,0.079309,0.192061,0.187444,0.141037,0.191852,0.057798,0.049976,0.11291,-230.843,0.112737,-331.592,-275.931,21.1155,-0.01349,-250.188,-358.839,-255.374,0.001793,0.048747,0.034088,0.186066,0.023099,-0.02106,1,1,0,1,1,0,0,0
269.5886,16.53317,1.765587,0.003004,0.004997,0.033856,0.047689,0.231924,0.251949,0.23091,0.243461,0.075267,0.235002,0.079298,0.19214,0.187465,0.141046,0.19197,0.058032,0.050043,0.112869,-250.829,0.112779,-310.995,-246.489,21.1155,-0.01337,-255.761,-324.007,-233.797,0.000994,0.048939,0.034377,0.185979,0.023216,-0.02079,0,0,0,1,0,0,0,0
263.8976,13.50616,1.766506,0.003005,0.004998,0.033868,0.047706,0.232147,0.251949,0.231197,0.243466,0.07531,0.234894,0.079338,0.192298,0.187537,0.141111,0.19199,0.057998,0.050021,0.11309,-230.348,0.112788,-331.559,-275.692,21.1155,-0.01337,-249.314,-359.614,-255.402,0.001916,0.048999,0.034342,0.185731,0.022881,-0.0208,1,1,0,1,0,0,0,1
252.2151,9.812108,1.767097,0.003004,0.004997,0.033866,0.047651,0.231782,0.251642,0.230956,0.243563,0.075251,0.234654,0.079325,0.192223,0.187586,0.141125,0.192169,0.05801,0.05037,0.11324,-251.167,0.112544,-310.992,-246.465,21.1155,-0.01347,-256.351,-324.399,-234.598,0.001924,0.049384,0.034494,0.185895,0.023078,-0.0209,0,0,1,1,0,1,1,1
237.6736,8.082897,1.767383,0.003003,0.004997,0.033894,0.047646,0.232139,0.251546,0.231204,0.243713,0.075255,0.234423,0.079366,0.19229,0.187621,0.141161,0.191818,0.057759,0.050276,0.112941,-229.768,0.112436,-331.19,-276.8,21.1155,-0.01392,-248.41,-361.216,-255.122,0.001121,0.049059,0.034009,0.185822,0.022905,-0.02128,1,1,1,1,0,1,1,1
223.5355,6.584522,1.766758,0.003004,0.004997,0.033868,0.04767,0.231832,0.251674,0.231082,0.243759,0.075274,0.234191,0.079338,0.192192,0.187585,0.141117,0.191831,0.058006,0.050206,0.113024,-252.058,0.112716,-311.265,-244.746,21.1155,-0.01396,-256.533,-322.425,-234.62,0.001335,0.049087,0.033815,0.185721,0.022971,-0.02088,0,0,1,1,0,1,1,1
208.7298,5.225164,1.766817,0.003004,0.004997,0.033863,0.047664,0.232028,0.251764,0.231084,0.243527,0.07526,0.23457,0.079331,0.192112,0.187677,0.141128,0.191909,0.058097,0.050055,0.112906,-229.452,0.112725,-330.881,-277.491,21.1155,-0.0136,-248.24,-362.521,-255.8,0.001079,0.049063,0.034132,0.18568,0.022803,-0.0209,1,1,1,0,0,1,1,1
194.105,4.393659,1.765611,0.003004,0.004996,0.03384,0.047633,0.231783,0.251827,0.230827,0.243506,0.075225,0.234205,0.079293,0.192045,0.187547,0.140983,0.191972,0.058034,0.050436,0.11297,-250.41,0.11283,-310.956,-244.457,21.1155,-0.01348,-256.939,-321.55,-235.053,0.001109,0.049243,0.034198,0.185888,0.023044,-0.02104,0,0,1,0,0,1,1,1
179.5419,3.234898,1.766497,0.003004,0.004997,0.033891,0.047651,0.231997,0.251845,0.231028,0.243544,0.075273,0.234647,0.079322,0.192196,0.187669,0.141147,0.191861,0.058126,0.050251,0.112956,-237.072,0.112847,-324.706,-266.425,21.1155,-0.01365,-251.423,-348.398,-248.207,0.001787,0.049247,0.034201,0.185743,0.023046,-0.02084,1,1,1,0,1,1,1,1
165.1128,2.552395,1.766957,0.003003,0.004997,0.033887,0.047612,0.231828,0.251686,0.230962,0.243534,0.075228,0.234211,0.07935,0.192123,0.187643,0.141151,0.191846,0.057829,0.050193,0.112883,-240.885,0.112646,-321.652,-260.853,21.1155,-0.01369,-254.572,-342.294,-244.822,0.00115,0.049277,0.034197,0.185789,0.022838,-0.0209,1,1,1,0,1,1,1,1
152.4766,2.200751,1.766616,0.003004,0.004996,0.033876,0.047623,0.231933,0.251782,0.231002,0.243524,0.075246,0.234643,0.079341,0.192116,0.187582,0.141144,0.191857,0.057957,0.049948,0.112887,-229.066,0.112713,-331.677,-279.054,21.1155,-0.01349,-248.913,-362.982,-254.369,0.000645,0.049177,0.034068,0.185745,0.023165,-0.02083,1,1,1,0,1,1,1,1
147.3113,2.468839,1.766758,0.003003,0.004996,0.033836,0.047643,0.23187,0.25187,0.230989,0.24353,0.0753,0.234357,0.079304,0.192083,0.187569,0.141125,0.19177,0.058104,0.050033,0.112886,-252.471,0.112862,-310.382,-242.691,21.1155,-0.01332,-256.469,-321.41,-235.572,0.001511,0.049202,0.034218,0.185777,0.023168,-0.02084,0,0,1,0,1,1,1,1
141.8944,2.415105,1.766409,0.003004,0.004996,0.033876,0.047632,0.231927,0.251789,0.230975,0.243549,0.07528,0.234448,0.079313,0.192196,0.187349,0.141085,0.191852,0.058043,0.049905,0.112952,-229.141,0.11286,-332.066,-279.882,21.1155,-0.01349,-248.501,-361.763,-253.727,0.000902,0.049122,0.034306,0.185779,0.02327,-0.02081,1,1,1,0,1,1,1,1
135.1603,2.514468,1.766448,0.003003,0.004996,0.033816,0.047572,0.231805,0.25155,0.230849,0.243478,0.075212,0.234214,0.079336,0.191986,0.187525,0.141007,0.191795,0.058017,0.050339,0.112927,-252.771,0.112801,-311.359,-242.728,21.1155,-0.01345,-256.106,-321.304,-235.796,0.00162,0.049447,0.034279,0.185925,0.023334,-0.02085,0,0,1,0,1,1,1,1
126.4202,2.522313,1.767568,0.003003,0.004997,0.033878,0.047646,0.231852,0.251743,0.231023,0.243697,0.075256,0.234272,0.079339,0.192121,0.187604,0.141158,0.191971,0.058079,0.050323,0.112986,-229.158,0.112694,-330.927,-279.295,21.1155,-0.01327,-249.73,-362.63,-254.652,0.001772,0.049398,0.034421,0.185862,0.02325,-0.02081,1,1,1,0,1,1,1,1
119.5634,2.26844,1.766348,0.003003,0.004997,0.033817,0.047589,0.231816,0.251593,0.230851,0.24351,0.075235,0.234328,0.079288,0.192106,0.18761,0.140984,0.19179,0.058258,0.050158,0.11296,-251.127,0.112838,-311.483,-243.701,21.1155,-0.01353,-255.258,-321.585,-235.149,0.00212,0.04911,0.034144,0.185954,0.023105,-0.02067,0,0,1,0,1,1,1,1
113.4641,2.098484,1.766759,0.003004,0.004997,0.033865,0.047692,0.232008,0.252023,0.231045,0.243573,0.075311,0.234526,0.07932,0.192136,0.187511,0.141108,0.191825,0.058155,0.050235,0.112918,-230.346,0.112787,-332.008,-277.936,21.1155,-0.01315,-250.223,-362.394,-254.761,0.001098,0.049279,0.034466,0.185931,0.023266,-0.02089,1,1,1,0,1,1,1,1
104.8499,2.071662,1.766809,0.003005,0.004997,0.033864,0.047674,0.231988,0.252005,0.231093,0.243565,0.075294,0.234637,0.079378,0.192246,0.187682,0.141138,0.19206,0.058107,0.05059,0.113015,-250.553,0.112958,-310.313,-244.455,21.1155,-0.01307,-254.801,-321.637,-235.568,0.001094,0.049266,0.034593,0.186182,0.023534,-0.02072,0,0,1,0,1,1,1,1
98.50647,2.040141,1.76688,0.003004,0.004997,0.033867,0.047649,0.232029,0.251708,0.231084,0.243542,0.075282,0.234471,0.079365,0.192122,0.187638,0.141214,0.191926,0.058024,0.050398,0.112837,-230.053,0.112736,-332.104,-277.419,21.1155,-0.01323,-250.59,-360.985,-254.649,0.001843,0.049383,0.034471,0.185864,0.023396,-0.02049,1,1,1,0,1,1,1,1
94.33048,1.759233,1.767084,0.003002,0.004996,0.033881,0.047583,0.231867,0.2517,0.230956,0.243514,0.075225,0.234183,0.079366,0.192133,0.187622,0.141223,0.19177,0.058064,0.050546,0.112858,-251.275,0.112493,-309.946,-244.804,21.1155,-0.01355,-254.873,-322.497,-235.019,0.000998,0.049296,0.034396,0.185768,0.023294,-0.02087,0,0,1,0,1,1,1,1
89.32817,1.739016,1.767139,0.003003,0.004997,0.033897,0.047534,0.231877,0.251651,0.23102,0.243498,0.075234,0.234321,0.079361,0.192252,0.187616,0.141162,0.191679,0.058195,0.05039,0.112791,-230.843,0.112636,-331.95,-275.952,21.1155,-0.01326,-250.021,-361.096,-254.94,0.001056,0.049184,0.034066,0.185888,0.023333,-0.02056,1,1,1,0,1,1,1,1
83.87454,1.709269,1.766578,0.003003,0.004997,0.033871,0.047598,0.231914,0.251691,0.231045,0.2435,0.075275,0.234456,0.079324,0.192212,0.187727,0.141126,0.191627,0.058132,0.050343,0.112745,-251.476,0.112499,-311.685,-246.595,21.1155,-0.01337,-255.382,-323.349,-234.811,0.001034,0.049105,0.034356,0.185977,0.023352,-0.02059,0,0,1,0,1,1,1,1
77.61943,1.735392,1.76656,0.003004,0.004997,0.033867,0.047599,0.231936,0.25195,0.230994,0.24347,0.075278,0.234449,0.079318,0.19226,0.187587,0.141096,0.191915,0.058338,0.050482,0.113262,-230.418,0.112768,-329.504,-275.529,21.1155,-0.01307,-249.597,-360.38,-255.333,0.002697,0.049313,0.034277,0.186094,0.023603,-0.02049,1,1,1,0,1,1,1,1
72.18188,1.74098,1.767226,0.003004,0.004997,0.033877,0.04759,0.231911,0.251832,0.231011,0.243488,0.075252,0.234348,0.079344,0.192213,0.187642,0.141192,0.192021,0.058048,0.050642,0.11308,-251.428,0.112733,-313.048,-246.691,21.1155,-0.01302,-255.662,-322.881,-234.717,0.001715,0.049326,0.034218,0.1861,0.023469,-0.02054,0,0,1,0,1,1,1,1
66.78705,1.972107,1.767436,0.003003,0.004997,0.033842,0.047657,0.231824,0.251678,0.230977,0.243497,0.075272,0.234256,0.079312,0.19224,0.187536,0.141184,0.192093,0.058127,0.050564,0.112757,-230.585,0.112557,-329.772,-275.361,21.1155,-0.0132,-249.603,-360.938,-255.292,0.001718,0.049372,0.034549,0.185937,0.023512,-0.0206,1,1,1,0,1,1,1,1
65.7871,1.671237,1.768035,0.003003,0.004997,0.03388,0.047616,0.231817,0.251629,0.231005,0.243493,0.075216,0.234145,0.079371,0.192182,0.187584,0.141144,0.191875,0.057746,0.050281,0.112729,-251.462,0.112253,-313.369,-246.186,21.1155,-0.01343,-254.947,-323.224,-235.363,0.000616,0.049167,0.034423,0.185861,0.023514,-0.02059,0,0,1,0,1,1,1,1
66.09508,0.416249,1.767526,0.003006,0.004997,0.033883,0.047693,0.231994,0.251957,0.231136,0.24357,0.075308,0.234603,0.079355,0.19226,0.187591,0.141167,0.191979,0.05816,0.050331,0.112937,-251.538,0.112764,-312.981,-245.584,21.1155,-0.01332,-255.08,-322.541,-234.171,0.001187,0.048958,0.034478,0.185844,0.023418,-0.0208,0,0,1,0,1,1,1,1
66.21507,0.240286,1.760482,0.003129,0.005,0.033655,0.049087,0.235064,0.255771,0.232555,0.243782,0.076538,0.242006,0.079196,0.193057,0.187797,0.141523,0.19071,0.058348,0.048357,0.113102,-229.707,0.113172,-329.255,-276.347,21.1155,-0.01058,-250.004,-360.868,-256.003,-0.00014,0.047951,0.036352,0.185725,0.02432,-0.0224,1,1,1,0,1,0,1,0
66.59521,0.166489,1.767828,0.003004,0.004997,0.033898,0.047717,0.232033,0.252024,0.231221,0.243598,0.075338,0.234722,0.079367,0.192203,0.187559,0.141424,0.192042,0.05794,0.050435,0.112912,-230.24,0.112581,-329.547,-275.525,21.1155,-0.01316,-249.12,-361.178,-255.695,0.000516,0.04898,0.034975,0.186129,0.023495,-0.02101,1,1,1,0,1,0,1,0
66.75888,0.156938,1.76755,0.003005,0.004997,0.033887,0.047737,0.232072,0.252079,0.231267,0.243631,0.075336,0.234824,0.079367,0.192227,0.187561,0.141373,0.19192,0.057995,0.050255,0.112939,-250.908,0.112822,-313.189,-246.725,21.1155,-0.01318,-256.196,-322.204,-234.329,0.001134,0.04885,0.034903,0.186245,0.023435,-0.02096,0,0,1,0,1,1,1,1
66.02477,0.120871,1.767336,0.003006,0.004998,0.033891,0.047769,0.232182,0.252188,0.231334,0.243628,0.07539,0.235006,0.079352,0.192273,0.187638,0.141399,0.191959,0.057974,0.050261,0.112927,-229.872,0.112773,-329.706,-275.308,21.1155,-0.013,-248.492,-361.932,-256.482,0.001121,0.048982,0.034979,0.186166,0.023792,-0.02109,1,1,1,0,1,1,1,1
65.84493,0.116647,1.766764,0.003007,0.004997,0.033875,0.047787,0.232186,0.252129,0.231315,0.24358,0.075397,0.235084,0.079338,0.192262,0.187553,0.141388,0.192087,0.057927,0.050239,0.113081,-251.699,0.112905,-312.015,-246.162,21.1155,-0.01315,-256.585,-321.792,-233.897,0.001627,0.048955,0.034763,0.186093,0.023478,-0.02131,0,0,1,0,1,1,1,1
66.51334,0.13296,1.767025,0.003006,0.004997,0.033875,0.047778,0.232147,0.252198,0.23132,0.243552,0.075375,0.235111,0.079306,0.192272,0.187495,0.141349,0.192114,0.058219,0.050461,0.113507,-252.19,0.112958,-314.342,-248.663,21.1155,-0.01294,-256.877,-328.11,-238.507,-0.00122,0.049073,0.034944,0.186505,0.023742,-0.021,0,0,1,0,1,1,1,1
66.28605,0.197807,1.766048,0.003006,0.004997,0.033848,0.047794,0.232174,0.252208,0.231277,0.243458,0.075383,0.235163,0.079279,0.192194,0.187441,0.141337,0.192004,0.058131,0.050272,0.113308,-228.65,0.11319,-327.579,-272.619,21.1155,-0.01318,-247.858,-354.838,-250.922,-0.0005,0.049037,0.035073,0.186357,0.023556,-0.02105,1,1,1,0,1,1,1,1
66.08909,0.311295,1.766554,0.003007,0.004997,0.033852,0.047786,0.232146,0.2522,0.231329,0.243504,0.075389,0.235167,0.079299,0.192253,0.187414,0.141377,0.192098,0.058087,0.050668,0.113236,-252.512,0.113121,-314.656,-249.708,21.1155,-0.01277,-257.509,-328.682,-239.268,-0.00162,0.049118,0.034929,0.186277,0.023681,-0.02113,0,0,1,0,1,1,1,1
66.09284,0.41468,1.765661,0.003006,0.004997,0.033815,0.047768,0.232073,0.252118,0.231197,0.243456,0.075384,0.235087,0.07928,0.192157,0.187343,0.141286,0.192188,0.058214,0.05044,0.113238,-229.23,0.113244,-327.179,-271.762,21.1155,-0.01284,-247.153,-354.279,-249.657,-0.00147,0.048984,0.035093,0.186311,0.023777,-0.02088,1,1,1,0,1,1,1,1
66.9139,2.040493,1.766673,0.003006,0.004997,0.033868,0.0478,0.232127,0.252215,0.231264,0.243543,0.0754,0.235191,0.079326,0.192293,0.187502,0.141378,0.192339,0.058242,0.050395,0.113427,-251.87,0.113017,-315.27,-251.407,21.1155,-0.01293,-258.572,-329.924,-240.094,-0.0013,0.04901,0.03522,0.186609,0.023796,-0.02063,0,0,1,0,1,1,1,1
67.89493,2.235691,1.766724,0.003006,0.004997,0.033883,0.04777,0.232111,0.252216,0.231272,0.243542,0.075381,0.235052,0.079323,0.192361,0.187493,0.141327,0.192071,0.058086,0.050305,0.113293,-229.793,0.112863,-327.174,-270.001,21.1155,-0.01308,-246.94,-353.542,-248.762,-0.00117,0.048862,0.035121,0.186434,0.023682,-0.0207,1,1,1,0,1,1,1,1
68.7103,0.30423,1.766549,0.003005,0.004996,0.033868,0.047746,0.232122,0.252186,0.231245,0.243511,0.075386,0.235135,0.084896,0.192229,0.187408,0.141308,0.192234,0.058165,0.050404,0.113444,-252.129,0.113238,-315.29,-252.259,21.1155,-0.01265,-259.344,-330.927,-241.771,-0.00137,0.048971,0.035116,0.186517,0.023746,-0.02066,0,0,1,0,1,1,1,1
69.62026,0.470641,1.766161,0.003005,0.004997,0.033857,0.047788,0.232129,0.252249,0.231295,0.243511,0.075375,0.235192,0.079305,0.192238,0.187487,0.141328,0.192183,0.058145,0.050429,0.113324,-229.227,0.113093,-327.921,-269.077,21.1155,-0.01254,-246.339,-352.703,-248.061,-0.0013,0.049077,0.03518,0.186533,0.023777,-0.02066,1,1,1,0,1,1,1,1
70.27619,0.534273,1.766246,0.003006,0.004997,0.033876,0.047813,0.232187,0.252253,0.231364,0.243518,0.075369,0.235209,0.079324,0.192272,0.187484,0.141383,0.192193,0.058339,0.050471,0.113294,-251.012,0.113127,-314.97,-253.319,21.1155,-0.01215,-258.119,-332.204,-242.457,-0.00122,0.049058,0.035217,0.186425,0.023717,-0.02063,0,0,1,0,1,1,1,1
70.47065,1.491741,1.766817,0.003005,0.004997,0.033865,0.047764,0.232121,0.252166,0.231325,0.243518,0.075343,0.235105,0.079336,0.192261,0.18758,0.141354,0.192186,0.058027,0.050469,0.113291,-235.487,0.113018,-324.878,-266.658,21.1155,-0.01278,-253.485,-350.305,-251.097,-0.00122,0.04912,0.035138,0.186399,0.023769,-0.02071,1,1,1,0,1,1,1,1
72.15679,1.831158,1.766319,0.003007,0.004997,0.033886,0.047774,0.232222,0.252294,0.231343,0.243508,0.075372,0.235288,0.096055,0.192155,0.187561,0.141327,0.192138,0.05811,0.050593,0.113173,-240.034,0.113205,-321.095,-260.57,21.1155,-0.01274,-253.115,-342.819,-246.302,-0.00064,0.049104,0.035278,0.186376,0.023989,-0.0207,1,1,1,0,1,1,1,1
79.92374,2.097198,1.766577,0.003007,0.004997,0.033879,0.047821,0.232171,0.252094,0.231284,0.243699,0.075389,0.235074,0.095917,0.192128,0.187639,0.14128,0.19212,0.058043,0.050424,0.113321,-246.424,0.113081,-320.672,-256.919,21.1155,-0.01299,-257.968,-336.097,-247.446,-0.00075,0.049045,0.035369,0.186418,0.023933,-0.02073,1,1,1,0,1,1,1,1
87.54024,2.04736,1.766076,0.003007,0.004997,0.033909,0.047781,0.23222,0.252284,0.231325,0.243433,0.075388,0.2351,0.096384,0.192247,0.187521,0.141282,0.19205,0.058059,0.050384,0.113035,-250.549,0.113073,-315.931,-254.414,21.1155,-0.01272,-258.754,-333.586,-244.049,-0.00039,0.048886,0.03521,0.186263,0.023913,-0.02075,0,1,1,0,1,1,1,1
95.23106,1.849706,1.76647,0.003006,0.004997,0.033891,0.047797,0.232276,0.252375,0.23132,0.243516,0.075408,0.235515,0.095099,0.192139,0.187462,0.141047,0.192305,0.058199,0.050308,0.113219,-232.062,0.113204,-325.484,-267.792,21.1155,-0.01185,-246.643,-349.674,-245.27,-0.00124,0.048945,0.03573,0.186494,0.024159,-0.02087,1,1,1,0,1,1,1,1
102.4158,2.149165,1.766025,0.003007,0.004998,0.03388,0.047804,0.232232,0.252464,0.23132,0.243452,0.075404,0.235542,0.094633,0.192286,0.187476,0.141239,0.19227,0.058216,0.050537,0.113259,-248.978,0.113131,-317.21,-254.598,21.1155,-0.01216,-258.133,-332.951,-245.091,-0.00232,0.049078,0.035409,0.186371,0.024171,-0.0208,0,1,1,0,1,1,1,1
108.5958,2.104124,1.765727,0.003007,0.004997,0.03387,0.047797,0.232208,0.252097,0.231228,0.24355,0.075388,0.235101,0.094315,0.192135,0.187421,0.142181,0.192221,0.058146,0.050399,0.113406,-237.633,0.113212,-322.598,-264.24,21.1155,-0.01248,-251.439,-345.326,-245.551,-0.00113,0.049013,0.03537,0.186394,0.023845,-0.021,1,1,1,0,1,1,1,1
111.865,2.224778,1.766425,0.003006,0.004997,0.033906,0.047747,0.232182,0.252296,0.231333,0.243678,0.07534,0.234885,0.079345,0.192248,0.18743,0.142275,0.192265,0.058037,0.050489,0.113285,-251.133,0.113051,-311.045,-246.464,21.1155,-0.01252,-255.409,-323.858,-233.889,-0.00055,0.049145,0.035247,0.186613,0.023928,-0.02098,0,0,1,0,1,1,1,1
113.1916,2.030692,1.766508,0.003007,0.004998,0.033928,0.047782,0.23215,0.252353,0.231296,0.243577,0.075381,0.235223,0.085698,0.192237,0.187491,0.142294,0.192092,0.058115,0.050392,0.113636,-231.768,0.113104,-324.892,-267.59,21.1155,-0.01267,-248.084,-349.865,-243.392,-0.00144,0.048994,0.035153,0.186464,0.023908,-0.02089,1,1,1,0,1,1,1,1
114.5882,1.988668,1.766301,0.003007,0.004997,0.0339,0.047786,0.232159,0.252403,0.231303,0.243584,0.075385,0.235205,0.079347,0.192182,0.187478,0.142248,0.192151,0.058076,0.050468,0.113494,-248.508,0.112891,-318.199,-255.285,21.1155,-0.01235,-257.317,-334.037,-246.483,0.00016,0.049155,0.035181,0.186505,0.023968,-0.02085,0,1,1,0,1,1,1,1
115.8864,1.953536,1.76633,0.003008,0.004997,0.033874,0.047791,0.232219,0.252353,0.231316,0.243564,0.07538,0.235251,0.079286,0.192228,0.187541,0.142206,0.191948,0.058138,0.050302,0.112962,-233.21,0.112829,-324.012,-265.587,21.1155,-0.01288,-248.492,-350.007,-243.243,-0.00147,0.048972,0.035118,0.186408,0.023835,-0.02082,1,1,1,0,1,1,1,1
117.3758,1.943958,1.76666,0.003007,0.004997,0.033896,0.047762,0.232222,0.252029,0.231342,0.243592,0.075374,0.235098,0.079306,0.192232,0.187438,0.142264,0.192023,0.057883,0.050339,0.113048,-246.81,0.112705,-319.075,-256.807,21.1155,-0.0127,-256.139,-333.703,-245.868,-0.00128,0.049072,0.035109,0.18636,0.02383,-0.02081,0,1,1,0,1,1,1,1
119.3985,3.702093,1.76681,0.003007,0.004997,0.033883,0.047733,0.232187,0.25217,0.231341,0.24359,0.075368,0.235011,0.079291,0.192281,0.187448,0.142259,0.191982,0.057922,0.050226,0.113193,-234.225,0.112764,-322.821,-265.377,21.1155,-0.01314,-249.268,-349.861,-242.801,-0.00172,0.049049,0.034962,0.186135,0.023743,-0.0208,1,1,1,0,1,1,1,1
118.7307,9.897515,1.766745,0.003007,0.004997,0.033869,0.047752,0.232181,0.252249,0.231322,0.243652,0.075385,0.235095,0.079336,0.192264,0.187523,0.142243,0.192091,0.058074,0.050135,0.113242,-247.024,0.11302,-320.035,-256.643,21.1155,-0.01267,-256.256,-334.383,-247.119,-0.00172,0.049118,0.034863,0.186233,0.023817,-0.02086,0,1,1,0,0,1,1,1
118.2487,15.18809,1.766581,0.003007,0.004997,0.033875,0.047777,0.232318,0.252315,0.231381,0.243614,0.075417,0.235232,0.079345,0.192234,0.187521,0.142246,0.191844,0.05805,0.050175,0.113187,-234.109,0.112927,-322.14,-265.159,21.1155,-0.01241,-248.809,-348.539,-242.563,-0.00149,0.049033,0.035039,0.186404,0.02394,-0.02095,1,1,1,0,0,0,0,0
118.5551,11.63014,1.76625,0.003008,0.004997,0.033861,0.047767,0.232253,0.252276,0.231395,0.243592,0.075407,0.235257,0.079312,0.192277,0.187509,0.142238,0.191952,0.058126,0.050227,0.113229,-246.445,0.112925,-320.69,-256.746,21.1155,-0.01231,-257.527,-335.046,-247.417,-0.0007,0.048899,0.035098,0.186354,0.023991,-0.02111,1,1,1,0,0,0,0,1
117.4904,3.05586,1.76609,0.003006,0.004997,0.03384,0.047737,0.232185,0.252149,0.231254,0.243489,0.075348,0.235062,0.0793,0.192214,0.18745,0.142217,0.191935,0.058199,0.050241,0.113312,-235.027,0.112682,-321.498,-265.001,21.1155,-0.01232,-247.185,-347.588,-242.387,-0.00082,0.048841,0.035051,0.186375,0.024049,-0.02124,1,1,1,0,1,1,1,1
117.3302,1.833819,1.766667,0.003005,0.004997,0.03389,0.047726,0.232144,0.2521,0.231386,0.243598,0.07537,0.235018,0.08384,0.192331,0.187567,0.142295,0.191828,0.058034,0.050396,0.113306,-246.118,0.112645,-321.047,-256.954,21.1155,-0.01272,-257.529,-336.281,-248.214,-0.00171,0.048796,0.034968,0.186119,0.023973,-0.02122,1,1,1,0,1,1,1,1
118.8234,1.876412,1.766227,0.003005,0.004997,0.033883,0.047761,0.232174,0.252164,0.231348,0.243601,0.075371,0.235093,0.083292,0.192366,0.18751,0.142231,0.191926,0.058096,0.05033,0.113293,-235.353,0.112868,-321.385,-264.436,21.1155,-0.0122,-248.071,-346.953,-241.178,-0.00093,0.049008,0.034901,0.1863,0.024249,-0.02109,1,1,1,0,1,1,1,1
122.8312,1.855476,1.766079,0.003008,0.004997,0.03391,0.047774,0.232242,0.252164,0.231407,0.243709,0.075396,0.235138,0.083962,0.192284,0.187519,0.142277,0.192076,0.058193,0.050504,0.113242,-244.385,0.113046,-322.711,-258.087,21.1155,-0.01236,-258.128,-337.727,-248.905,-0.00185,0.049086,0.035085,0.186723,0.024037,-0.02099,1,1,1,0,1,1,1,1
126.5293,1.861939,1.766325,0.003009,0.004997,0.033928,0.047772,0.232223,0.252337,0.231433,0.243466,0.075399,0.235236,0.083792,0.192357,0.187544,0.142189,0.192093,0.058128,0.050423,0.113285,-236.935,0.112956,-319.968,-263.235,21.1155,-0.01243,-247.403,-345.102,-240.267,-0.00147,0.04899,0.034359,0.186392,0.023496,-0.02114,1,0,1,0,1,1,1,1
130.1055,1.842571,1.765842,0.003006,0.004997,0.033842,0.047744,0.232107,0.252209,0.231297,0.243464,0.075395,0.235175,0.082034,0.192231,0.18747,0.14207,0.192103,0.058185,0.050545,0.11334,-244.091,0.113085,-322.776,-258.094,21.1155,-0.01255,-258.243,-339.32,-248.728,-0.00082,0.049083,0.035317,0.186548,0.024108,-0.02126,1,1,1,0,1,1,1,1
133.8275,1.780857,1.766611,0.003007,0.004997,0.033868,0.047777,0.232204,0.252159,0.231481,0.243582,0.075401,0.235195,0.080945,0.192184,0.18748,0.142217,0.192201,0.058216,0.050205,0.113358,-237.782,0.112596,-319.52,-263.931,21.1155,-0.01215,-246.987,-342.848,-241.344,-0.00169,0.048929,0.035232,0.186486,0.023349,-0.02147,1,0,1,0,1,1,1,1
138.0913,1.816444,1.76709,0.003007,0.004997,0.033872,0.047747,0.232156,0.252208,0.231317,0.243496,0.075397,0.235122,0.079229,0.192182,0.187455,0.142131,0.192103,0.058317,0.050555,0.11313,-242.703,0.112879,-323.168,-258.788,21.1155,-0.01243,-258.417,-341.738,-249.185,-0.00145,0.048959,0.034784,0.186426,0.023663,-0.02108,1,1,1,0,1,1,1,1
142.395,1.77679,1.766209,0.003006,0.004997,0.03384,0.047765,0.232159,0.252223,0.231308,0.243577,0.075397,0.23521,0.079231,0.192115,0.187343,0.142075,0.192044,0.058394,0.050425,0.113376,-238.354,0.11284,-319.647,-262.605,21.1155,-0.01222,-247.776,-341.259,-240.258,-0.00129,0.048974,0.03527,0.186506,0.024256,-0.02147,1,0,1,0,1,1,1,1
146.2734,1.685758,1.766178,0.003007,0.004997,0.033885,0.047782,0.232152,0.252251,0.231256,0.243557,0.075417,0.235297,0.07933,0.192162,0.187387,0.141929,0.192219,0.058452,0.050387,0.113359,-242.992,0.113001,-321.9,-259.235,21.1155,-0.0122,-257.747,-343.5,-250.17,-0.00118,0.049109,0.035128,0.186617,0.023993,-0.02127,1,1,1,0,1,1,1,1
149.2718,1.693987,1.766056,0.003007,0.004997,0.033865,0.047802,0.232211,0.252338,0.23146,0.243508,0.075434,0.235338,0.16663,0.192191,0.187472,0.14202,0.192293,0.058518,0.050304,0.113657,-238.674,0.113152,-321.239,-262.267,21.1155,-0.01211,-247.738,-340.393,-239.434,-0.00168,0.049075,0.03533,0.186655,0.023924,-0.02112,1,0,1,0,1,1,1,1
152.3815,1.828649,1.766356,0.003008,0.004997,0.033872,0.047821,0.232273,0.252242,0.231344,0.243585,0.075441,0.235316,0.158065,0.192241,0.187547,0.142028,0.192227,0.058518,0.050615,0.1134,-242.296,0.113062,-321.686,-259.423,21.1155,-0.01183,-258.095,-343.6,-251.199,-0.00075,0.048975,0.035423,0.186806,0.024137,-0.02113,1,1,1,0,1,1,1,1
157.1869,2.106797,1.76559,0.003008,0.004998,0.033873,0.047771,0.232266,0.248317,0.231382,0.243573,0.075423,0.235627,0.25885,0.247554,0.213511,0.142102,0.19232,0.05845,0.050454,0.113374,-239.125,0.113143,-320.398,-263.065,21.1155,-0.01163,-246.352,-338.981,-237.366,-0.00085,0.048966,0.035581,0.186646,0.024292,-0.02109,1,0,1,0,1,1,1,1
162.6984,2.320819,1.765248,0.003008,0.004997,0.033859,0.047827,0.232325,0.239994,0.231341,0.243683,0.075449,0.235478,0.220298,0.663911,0.179221,0.141792,0.192264,0.058375,0.050466,0.11333,-242.334,0.113307,-322.076,-258.891,21.1155,-0.01165,-258.691,-344.97,-252.407,-0.00081,0.049022,0.035253,0.186357,0.024339,-0.02095,1,1,1,0,1,1,1,1
168.1532,2.565307,1.765679,0.003008,0.004998,0.033887,0.047708,0.232414,0.240145,0.231292,0.24362,0.075448,0.235743,0.186218,2.109749,0.295567,0.141988,0.192413,0.058546,0.050319,0.113544,-239.246,0.113257,-319.806,-263.328,21.1155,-0.01184,-246.365,-338.584,-236.615,-0.00094,0.048863,0.035907,0.18673,0.024155,-0.02113,1,0,1,0,1,1,1,1
173.7739,2.84256,1.764189,0.003006,0.004997,0.03382,0.047845,0.232151,0.252486,0.231184,0.243432,0.075441,0.235453,0.223211,0.191851,0.178998,0.141805,0.192288,0.058152,0.050266,0.11339,-242.021,0.113031,-322.735,-258.764,21.1155,-0.0123,-259.35,-345.405,-253.847,-0.00087,0.048628,0.035628,0.186578,0.023958,-0.02133,1,1,1,0,1,1,1,1
179.0868,3.090756,1.76552,0.003008,0.004998,0.033858,0.047826,0.232403,0.395502,0.231389,0.243555,0.075485,0.235482,0.401313,0.098649,0.003973,0.141762,0.192411,0.05816,0.050378,0.113573,-239.707,0.113068,-319.417,-261.954,21.1155,-0.0121,-246.099,-337.73,-236.206,-0.00049,0.049028,0.035617,0.186613,0.023934,-0.02138,1,0,1,0,1,1,1,1
183.6087,3.339787,1.765705,0.003007,0.004997,0.033827,0.047835,0.232415,0.252208,0.231426,0.243549,0.075467,0.235638,0.088384,0.192063,0.18745,0.142022,0.192181,0.058216,0.05035,0.113606,-241.432,0.113178,-322.803,-260.353,21.1155,-0.01191,-259.04,-345.99,-254.029,-0.00171,0.048793,0.035626,0.186559,0.02398,-0.02124,1,1,1,0,1,1,1,1
187.5317,3.585045,1.765145,0.003007,0.004997,0.033809,0.047848,0.232335,0.252436,0.231375,0.243466,0.075468,0.235727,0.079269,0.192473,0.187378,0.141653,0.192207,0.058204,0.050153,0.113558,-239.791,0.113291,-319.322,-261.888,21.1155,-0.01245,-246.041,-338.106,-235.911,-0.00132,0.048787,0.035366,0.18664,0.02379,-0.02123,1,0,1,0,1,1,1,1
190.8991,3.744046,1.765636,0.003006,0.004997,0.033805,0.04782,0.232288,0.252178,0.231326,0.243525,0.075429,0.235517,0.079285,0.192172,0.187455,0.141508,0.192508,0.058329,0.050338,0.11364,-239.829,0.113408,-322.807,-261.183,21.1155,-0.01207,-259.203,-345.731,-253.319,-0.00082,0.049017,0.03546,0.186738,0.023573,-0.02102,1,1,1,0,1,1,1,1
194.0116,4.03661,1.766612,0.003007,0.004998,0.033826,0.047859,0.232469,0.252355,0.231524,0.243619,0.07547,0.236112,0.079308,0.192319,0.187546,0.141657,0.192555,0.058266,0.050342,0.113738,-240.865,0.113306,-319.693,-260.224,21.1155,-0.01221,-246.522,-337.768,-236.563,-0.00087,0.049111,0.035748,0.186697,0.023837,-0.02083,1,0,1,0,0,1,1,1
197.469,4.20746,1.765826,0.003111,0.005,0.033756,0.048978,0.235047,0.255436,0.232748,0.243976,0.076552,0.24094,0.079358,0.193234,0.187943,0.141682,0.190607,0.058438,0.047817,0.113626,-240.623,0.113698,-322.868,-262.425,21.1155,-0.00998,-258.79,-346.327,-253.068,-0.00164,0.047967,0.036731,0.185958,0.025093,-0.02302,1,1,1,0,0,0,1,1
200.8085,4.404519,1.76819,0.003003,0.004997,0.033903,0.047636,0.232146,0.252031,0.230952,0.243684,0.075304,0.23426,0.079374,0.191997,0.187515,0.14187,0.19205,0.057669,0.050095,0.113118,-240.851,0.112533,-319.839,-259.479,21.1155,-0.01323,-246.546,-336.642,-236.52,-0.00088,0.04909,0.034486,0.18591,0.023334,-0.02097,1,0,1,0,0,1,1,1
204.8304,4.745243,1.768361,0.003003,0.004997,0.033927,0.047611,0.231926,0.251553,0.231414,0.243682,0.0753,0.234399,0.079355,0.192117,0.187563,0.141922,0.192102,0.058012,0.050315,0.113125,-239.909,0.112699,-322.615,-262.887,21.1155,-0.01325,-259.397,-347.607,-253.973,-0.0012,0.049191,0.034171,0.186123,0.023415,-0.02059,1,1,1,0,0,1,1,1
210.6729,5.170151,1.76927,0.003002,0.004996,0.033935,0.047556,0.231934,0.251625,0.231147,0.243678,0.075237,0.234017,0.079389,0.192498,0.187643,0.141938,0.192353,0.058218,0.050461,0.113214,-241.549,0.112566,-319.681,-258.278,21.1155,-0.0134,-246.154,-334.631,-236.101,-0.0004,0.049325,0.034126,0.185936,0.022917,-0.02043,0,0,1,0,0,1,1,1
217.003,5.729636,1.768838,0.003003,0.004997,0.03394,0.047551,0.231743,0.251427,0.231114,0.243431,0.075252,0.234003,0.079389,0.192315,0.187646,0.141899,0.19233,0.058226,0.050594,0.113195,-240.325,0.11266,-323.014,-264.14,21.1155,-0.01322,-258.438,-349.908,-253.327,-0.00133,0.049317,0.034165,0.18621,0.023419,-0.02049,1,1,1,0,0,1,1,1
223.1338,6.228036,1.76855,0.003003,0.004997,0.033912,0.047592,0.231916,0.251644,0.230933,0.243625,0.075297,0.234285,0.079382,0.192219,0.187551,0.141905,0.192306,0.058313,0.050644,0.112929,-240.845,0.112808,-319.682,-257.332,21.1155,-0.01299,-246.38,-333.776,-236.171,-0.00209,0.049328,0.034373,0.186074,0.023352,-0.02057,0,0,1,1,0,1,1,1
228.8891,6.791361,1.768955,0.003003,0.004996,0.03391,0.047563,0.231975,0.251521,0.230967,0.243437,0.075262,0.23435,0.079377,0.192206,0.187653,0.14186,0.192283,0.058302,0.050496,0.11326,-240.366,0.112748,-323.186,-264.775,21.1155,-0.01305,-258.263,-349.017,-253.782,-8.30E-05,0.049376,0.033923,0.186135,0.023158,-0.02054,1,1,1,1,0,1,1,1
234.5024,7.352554,1.769184,0.003003,0.004997,0.033924,0.047582,0.231681,0.251722,0.231005,0.243569,0.07527,0.234098,0.07938,0.192242,0.187651,0.141922,0.191968,0.058213,0.050414,0.112937,-241.225,0.112477,-319.931,-257.432,21.1155,-0.01364,-246.803,-333.463,-236.262,-0.00038,0.049106,0.03406,0.185724,0.023033,-0.02074,0,0,1,1,0,1,1,1
239.8282,7.965502,1.768991,0.003003,0.004996,0.033912,0.047561,0.23167,0.25166,0.23104,0.243683,0.075248,0.233765,0.079377,0.192394,0.187634,0.141917,0.192166,0.058306,0.050731,0.112902,-240.255,0.112573,-323.141,-265.342,21.1155,-0.0134,-258.467,-350.347,-253.852,-0.00157,0.049467,0.033953,0.185947,0.02286,-0.0207,1,1,1,1,0,1,1,1
244.9479,8.54974,1.768743,0.003002,0.004996,0.033919,0.047542,0.231725,0.251723,0.23124,0.243417,0.075245,0.233576,0.079384,0.192137,0.187631,0.141902,0.192191,0.058272,0.050761,0.113177,-241.305,0.112593,-319.251,-256.129,21.1155,-0.01323,-247.306,-333.268,-236.345,-0.00183,0.049411,0.034195,0.186,0.023057,-0.02089,0,0,1,1,0,1,1,1
250.0624,9.106934,1.769053,0.003002,0.004996,0.033953,0.047499,0.231864,0.251633,0.231162,0.243342,0.075219,0.233679,0.079402,0.192308,0.187645,0.141894,0.192236,0.058282,0.050722,0.112961,-239.907,0.112439,-322.721,-265.734,21.1155,-0.01351,-257.178,-350.739,-254.444,-0.0008,0.049454,0.033629,0.18595,0.023218,-0.02088,1,1,1,1,0,1,1,1
254.7265,9.738471,1.769217,0.003001,0.004995,0.033929,0.047418,0.231556,0.25132,0.230925,0.243412,0.075145,0.233324,0.079361,0.192196,0.187545,0.141774,0.192026,0.058101,0.05059,0.112707,-242.772,0.112311,-319.239,-255.977,21.1155,-0.01427,-247.305,-332.781,-235.709,-0.00041,0.049489,0.033347,0.185716,0.022799,-0.02083,0,0,1,1,0,1,1,1
259.384,10.41842,1.769231,0.003001,0.004996,0.033934,0.047413,0.231453,0.251218,0.230983,0.24347,0.075143,0.23343,0.079345,0.192135,0.187564,0.141788,0.192109,0.057891,0.050552,0.112694,-238.067,0.11234,-323.788,-266.425,21.1155,-0.01431,-257.79,-351.445,-254.457,-0.00073,0.049507,0.033319,0.185826,0.02297,-0.02078,1,1,1,1,0,0,0,1
263.6977,11.03263,1.769603,0.003002,0.004996,0.033961,0.047474,0.23157,0.251367,0.230966,0.243694,0.075197,0.233697,0.079391,0.192155,0.187769,0.141941,0.192027,0.058126,0.050786,0.112659,-243.749,0.112466,-317.561,-255.142,21.1155,-0.01446,-248.677,-332.134,-235.006,-0.00118,0.049379,0.033461,0.185828,0.022988,-0.02042,0,0,1,1,0,0,0,1
267.9663,11.71032,1.769699,0.003002,0.004996,0.033965,0.047469,0.231588,0.251439,0.231046,0.243515,0.075199,0.23385,0.079393,0.192339,0.187702,0.141926,0.192093,0.058066,0.050627,0.112717,-236.913,0.11235,-324.803,-267.245,21.1155,-0.01493,-256.354,-351.445,-255.177,-0.00097,0.049376,0.033581,0.185783,0.022976,-0.02054,1,1,1,1,0,0,0,1
272.1272,12.21334,1.77021,0.003001,0.004996,0.033989,0.047396,0.231396,0.251408,0.23092,0.24352,0.07513,0.233407,0.079417,0.192199,0.187823,0.141941,0.192227,0.058493,0.051001,0.112467,-244.452,0.112358,-317.657,-254.297,21.1155,-0.01533,-249.407,-331.786,-235.335,-0.00092,0.049894,0.033454,0.185741,0.022921,-0.02017,0,0,0,1,1,0,0,1
275.9462,12.91054,1.770202,0.003001,0.004996,0.033989,0.04737,0.231261,0.251241,0.231077,0.243648,0.075111,0.232944,0.079414,0.192168,0.187707,0.141931,0.192268,0.058206,0.05087,0.112393,-236.768,0.112127,-325.83,-267.763,21.1155,-0.01567,-256.561,-351.971,-254.602,-0.00058,0.04981,0.033406,0.185766,0.023038,-0.02017,1,1,0,1,1,0,0,1
279.7658,13.5477,1.770071,0.003001,0.004996,0.033965,0.047391,0.231447,0.251322,0.230849,0.243573,0.075123,0.233327,0.079395,0.192154,0.187737,0.141936,0.192189,0.058459,0.050831,0.112439,-241.929,0.112235,-320.186,-259.828,21.1155,-0.0153,-250.902,-339.464,-241.39,-0.00098,0.049825,0.033438,0.185776,0.023111,-0.02015,1,0,0,1,1,0,0,1
283.2865,14.1036,1.770004,0.003002,0.004996,0.03398,0.047599,0.231453,0.251484,0.231004,0.243528,0.075167,0.233454,0.079421,0.192149,0.187795,0.141937,0.192193,0.058175,0.050737,0.112452,-242.268,0.112194,-322.947,-259.047,21.1155,-0.01521,-259.102,-345.248,-254.169,-0.00155,0.049681,0.033419,0.185775,0.023183,-0.02029,1,1,0,1,1,0,0,0
286.7171,14.6286,1.769613,0.003001,0.004996,0.033939,0.047428,0.231485,0.25138,0.231078,0.2436,0.075151,0.233745,0.079384,0.192062,0.187617,0.141833,0.192093,0.058089,0.050743,0.112312,-245.49,0.112194,-317.614,-254.626,21.1155,-0.01468,-248.358,-331.451,-235.215,-0.00117,0.049659,0.033337,0.185641,0.023121,-0.02011,0,0,0,1,1,0,0,0
288.3662,15.08227,1.769332,0.003001,0.004996,0.033952,0.047409,0.231485,0.251413,0.230995,0.243384,0.075119,0.233325,0.07937,0.19221,0.187715,0.141828,0.192162,0.05835,0.050902,0.11217,-236.12,0.11234,-325.003,-267.282,21.1155,-0.01508,-256.82,-351.888,-254.809,-0.00026,0.049614,0.03339,0.185623,0.023094,-0.02031,1,1,0,1,1,0,0,0
288.8505,15.46205,1.770439,0.003001,0.004995,0.033976,0.04736,0.23135,0.251164,0.231015,0.243724,0.075088,0.232897,0.079407,0.192336,0.187737,0.141929,0.192016,0.058182,0.050774,0.112112,-245.023,0.11219,-317.286,-254.466,21.1155,-0.01565,-247.571,-331.398,-235.58,-0.00153,0.049672,0.033213,0.185375,0.022735,-0.02008,0,0,0,1,1,0,0,0
287.8597,15.76842,1.770327,0.003001,0.004996,0.033971,0.047364,0.231202,0.251062,0.231105,0.243685,0.075092,0.233167,0.079414,0.192296,0.18783,0.141907,0.192286,0.058376,0.0511,0.112054,-235.253,0.112385,-325.673,-267.354,21.1155,-0.01565,-258.762,-352.767,-255.384,-0.00142,0.049929,0.033444,0.185587,0.022979,-0.02008,1,1,0,1,1,0,0,0
288.3466,15.76585,1.769711,0.003001,0.004995,0.033967,0.049873,0.231159,0.251064,0.23081,0.243628,0.075037,0.233168,0.079426,0.192018,0.187633,0.141832,0.192133,0.058286,0.05101,0.111982,-246.076,0.112258,-316.611,-254.041,21.1155,-0.01552,-246.419,-330.776,-234.716,-0.00136,0.049854,0.033198,0.185627,0.022856,-0.02006,0,0,0,1,1,0,0,0
287.8574,15.8323,1.770477,0.003001,0.004995,0.033948,0.048077,0.231026,0.25082,0.230726,0.243411,0.074976,0.232876,0.079396,0.192082,0.187634,0.141823,0.192075,0.058274,0.051015,0.1117,-234.472,0.111923,-326.436,-268.29,21.1155,-0.01585,-258.547,-353.076,-255.113,-0.00144,0.04997,0.032795,0.185593,0.022529,-0.0198,1,1,0,1,1,0,0,0
287.636,15.78817,1.770315,0.003001,0.004995,0.033965,0.047475,0.231142,0.250822,0.23081,0.243373,0.075044,0.232812,0.079424,0.192248,0.187678,0.141859,0.191952,0.058331,0.050935,0.111773,-247.204,0.112188,-316.141,-253.583,21.1155,-0.01565,-247.522,-331.098,-234.248,-0.00043,0.049983,0.03269,0.185711,0.022789,-0.01985,0,0,0,1,1,0,0,0
287.5078,15.79513,1.77072,0.003001,0.004995,0.033952,0.047717,0.231245,0.251225,0.23086,0.243441,0.075072,0.232724,0.079415,0.192262,0.187664,0.141843,0.192085,0.058333,0.051014,0.111938,-233.923,0.112171,-326.471,-268.464,21.1155,-0.01552,-256.678,-352.65,-255.596,-0.00087,0.049965,0.032842,0.185738,0.022892,-0.01991,1,1,0,1,1,0,0,0
287.1466,15.79482,1.770237,0.003001,0.004996,0.033971,0.050855,0.231394,0.250689,0.230847,0.243428,0.07505,0.232971,0.079412,0.192158,0.187664,0.141796,0.192303,0.058312,0.051261,0.11185,-247.686,0.112265,-315.064,-252.499,21.1155,-0.01554,-248.81,-331.03,-233.808,-0.0014,0.050095,0.033055,0.185721,0.022827,-0.01998,0,0,0,1,1,0,0,0
287.02,15.77816,1.771271,0.003001,0.004996,0.034026,0.047784,0.231411,0.251213,0.230839,0.243826,0.075065,0.232654,0.079473,0.192379,0.187815,0.142004,0.192145,0.058267,0.051125,0.111884,-233.33,0.112085,-327.534,-269.693,21.1155,-0.01549,-256.382,-352.644,-256.309,-0.00052,0.049914,0.032703,0.1854,0.022573,-0.02008,1,1,0,1,1,0,0,0
287.1192,16.49217,1.771334,0.003001,0.004995,0.033995,0.047252,0.231117,0.250809,0.230669,0.243587,0.075005,0.232756,0.079439,0.192164,0.18782,0.141968,0.191951,0.058056,0.050783,0.111659,-247.224,0.111734,-314.362,-252.115,21.1155,-0.01614,-248.239,-329.295,-233.914,-0.001,0.049851,0.032591,0.185209,0.022338,-0.02018,0,0,0,1,1,0,0,0
287.638,16.57056,1.771604,0.003001,0.004995,0.034019,0.047252,0.231276,0.2509,0.230859,0.243593,0.074987,0.2328,0.079452,0.192133,0.187724,0.141981,0.191994,0.05822,0.050914,0.111591,-234.123,0.111748,-328.257,-270.255,21.1155,-0.01626,-257.029,-354.549,-255.793,-0.00162,0.049836,0.032779,0.185122,0.022644,-0.02004,1,1,0,1,1,0,0,0
288.3626,16.57813,1.770503,0.003001,0.004995,0.033967,0.047316,0.231229,0.25094,0.230783,0.243772,0.075033,0.233339,0.079443,0.191877,0.187768,0.141907,0.192187,0.058392,0.051066,0.11176,-247.917,0.11234,-313.746,-250.82,21.1155,-0.01561,-248.35,-328.959,-233.037,-0.00141,0.05003,0.033187,0.185598,0.022836,-0.0201,0,0,0,1,1,0,0,0
288.8921,16.5725,1.771147,0.003001,0.004996,0.033994,0.047342,0.231401,0.251005,0.230826,0.243581,0.075058,0.232835,0.079455,0.192312,0.187845,0.141986,0.192087,0.058409,0.050984,0.111907,-232.697,0.112094,-329.878,-271.944,21.1155,-0.01551,-256.514,-355.553,-256.235,-0.00167,0.049997,0.033177,0.185579,0.022739,-0.02005,1,1,0,1,1,0,0,0
289.3798,16.57355,1.77089,0.003001,0.004996,0.033994,0.047346,0.231405,0.251041,0.230867,0.24375,0.075074,0.232908,0.079474,0.1923,0.1878,0.141976,0.192038,0.058338,0.050739,0.112107,-248.607,0.112314,-311.953,-249.967,21.1155,-0.01565,-249.258,-328.355,-233.813,-0.00148,0.049953,0.032974,0.18578,0.022805,-0.01992,0,0,0,1,1,0,0,0
289.9925,16.58116,1.771428,0.003001,0.004996,0.033993,0.047351,0.231311,0.251135,0.231014,0.244054,0.075094,0.232512,0.079457,0.192282,0.187827,0.141927,0.192195,0.058398,0.050993,0.112067,-232.746,0.112269,-330.288,-271.091,21.1155,-0.01532,-255.938,-356.415,-255.412,-0.00113,0.049844,0.033182,0.185735,0.022686,-0.02011,1,1,0,1,1,0,0,0
290.3797,16.57695,1.771072,0.003002,0.004996,0.034005,0.047374,0.231237,0.251389,0.230938,0.243725,0.075104,0.23352,0.079455,0.192274,0.187804,0.1419,0.192145,0.058485,0.050976,0.11189,-247.794,0.112305,-311.526,-249.97,21.1155,-0.0152,-249.744,-327.003,-234.649,-0.00099,0.049792,0.033248,0.185666,0.022891,-0.02012,0,0,0,1,1,0,0,0
